-- phpMyAdmin SQL Dump
-- version 5.2.1
-- https://www.phpmyadmin.net/
--
-- 主機： localhost
-- 產生時間： 2025 年 05 月 19 日 17:51
-- 伺服器版本： 10.4.32-MariaDB
-- PHP 版本： 8.2.12

SET SQL_MODE = "NO_AUTO_VALUE_ON_ZERO";
START TRANSACTION;
SET time_zone = "+00:00";


/*!40101 SET @OLD_CHARACTER_SET_CLIENT=@@CHARACTER_SET_CLIENT */;
/*!40101 SET @OLD_CHARACTER_SET_RESULTS=@@CHARACTER_SET_RESULTS */;
/*!40101 SET @OLD_COLLATION_CONNECTION=@@COLLATION_CONNECTION */;
/*!40101 SET NAMES utf8mb4 */;

--
-- 資料庫： `final_project`
--

-- --------------------------------------------------------

--
-- 資料表結構 `admin`
--

CREATE TABLE `admin` (
  `admin_id` int(20) NOT NULL,
  `user_name` varchar(20) NOT NULL,
  `password` varchar(20) NOT NULL
) ENGINE=InnoDB DEFAULT CHARSET=utf8 COLLATE=utf8_unicode_520_ci;

--
-- 傾印資料表的資料 `admin`
--

INSERT INTO `admin` (`admin_id`, `user_name`, `password`) VALUES
(1, 'admin', '0000'),
(2, 'uuriglass', 'ssalgiruu'),
(3, 'minami', '19970914'),
(4, 'luluby', 'yaena092'),
(5, 'weicheng', '930928'),
(6, 'Leo', '940505');

-- --------------------------------------------------------

--
-- 資料表結構 `announcements`
--

CREATE TABLE `announcements` (
  `admin_id` int(20) NOT NULL,
  `a_datetime` datetime NOT NULL,
  `content` text CHARACTER SET utf8mb4 COLLATE utf8mb4_unicode_ci DEFAULT NULL
) ENGINE=InnoDB DEFAULT CHARSET=utf8 COLLATE=utf8_unicode_520_ci;

--
-- 傾印資料表的資料 `announcements`
--

INSERT INTO `announcements` (`admin_id`, `a_datetime`, `content`) VALUES
(4, '2025-05-04 21:04:52', 'Aimer的歌最好聽~'),
(3, '2025-05-04 21:05:03', 'milet的歌也不錯~'),
(4, '2025-05-11 03:13:41', '我好想睡覺喔💤'),
(3, '2025-05-11 03:14:05', '好想睡覺'),
(3, '2025-05-11 03:26:00', '我想要去看美波:33'),
(3, '2025-05-11 20:10:47', '又再次好想睡覺:3'),
(3, '2025-05-11 23:50:16', '安安你好'),
(3, '2025-05-17 18:12:14', '今天超熱🥵🥵'),
(3, '2025-05-17 18:37:12', '我快要修好了AWA'),
(3, '2025-05-17 18:59:24', '我還在玩翹翹板...');

-- --------------------------------------------------------

--
-- 資料表結構 `baseball_players`
--

CREATE TABLE `baseball_players` (
  `player_id` varchar(10) NOT NULL,
  `jersey_number` int(11) DEFAULT NULL,
  `team_name` varchar(50) DEFAULT NULL,
  `position` varchar(20) DEFAULT NULL,
  `batting_hand` varchar(10) DEFAULT NULL,
  `batting_avg` varchar(6) DEFAULT NULL
) ENGINE=InnoDB DEFAULT CHARSET=utf8 COLLATE=utf8_unicode_520_ci;

--
-- 傾印資料表的資料 `baseball_players`
--

INSERT INTO `baseball_players` (`player_id`, `jersey_number`, `team_name`, `position`, `batting_hand`, `batting_avg`) VALUES
('bs_0', 12, 'Lions', 'Pitcher', 'R', '0.210'),
('bs_1', 34, 'Tigers', 'Catcher', 'L', '0.278'),
('bs_10', 27, 'Lions', 'First Base', 'R', '0.290'),
('bs_11', 13, 'Tigers', 'Second Base', 'L', '0.265'),
('bs_12', 33, 'Dragons', 'Shortstop', 'S', '0.285'),
('bs_13', 29, 'Monkeys', 'Third Base', 'R', '0.275'),
('bs_14', 6, 'Brothers', 'Outfielder', 'L', '0.300'),
('bs_15', 5, 'Lions', 'Pitcher', 'S', '0.190'),
('bs_16', 42, 'Tigers', 'Catcher', 'R', '0.225'),
('bs_17', 17, 'Dragons', 'First Base', 'L', '0.315'),
('bs_18', 31, 'Monkeys', 'Second Base', 'R', '0.255'),
('bs_19', 23, 'Brothers', 'Shortstop', 'S', '0.280'),
('bs_2', 7, 'Dragons', 'First Base', 'R', '0.305'),
('bs_3', 22, 'Monkeys', 'Second Base', 'S', '0.250'),
('bs_4', 19, 'Brothers', 'Shortstop', 'R', '0.295'),
('bs_5', 45, 'Lions', 'Third Base', 'L', '0.310'),
('bs_6', 8, 'Tigers', 'Outfielder', 'S', '0.270'),
('bs_7', 51, 'Dragons', 'Outfielder', 'R', '0.260'),
('bs_8', 9, 'Monkeys', 'Pitcher', 'L', '0.150'),
('bs_9', 10, 'Brothers', 'Catcher', 'R', '0.240');

-- --------------------------------------------------------

--
-- 資料表結構 `bwf_players`
--

CREATE TABLE `bwf_players` (
  `player_id` varchar(10) NOT NULL,
  `age` varchar(2) DEFAULT NULL,
  `hand` char(1) DEFAULT NULL,
  `world_rank` varchar(3) DEFAULT NULL,
  `world_tour_rank` varchar(10) DEFAULT NULL,
  `world_rank_title` varchar(50) DEFAULT NULL,
  `world_tour_rank_title` varchar(50) DEFAULT NULL,
  `point_title` varchar(50) DEFAULT NULL,
  `point` int(11) DEFAULT NULL
) ENGINE=InnoDB DEFAULT CHARSET=utf8 COLLATE=utf8_unicode_520_ci;

--
-- 傾印資料表的資料 `bwf_players`
--

INSERT INTO `bwf_players` (`player_id`, `age`, `hand`, `world_rank`, `world_tour_rank`, `world_rank_title`, `world_tour_rank_title`, `point_title`, `point`) VALUES
('bwf_0', '31', 'L', '72', NULL, 'WOMEN\'S SINGLES', 'NO CURRENT RANKING', 'WOMEN\'S SINGLES', 24950),
('bwf_1', '31', 'R', '6', '13', 'MEN\'S SINGLES', 'MEN\'S SINGLES', 'MEN\'S SINGLES', 80340),
('bwf_10', '27', 'L', '1', NULL, 'MEN\'S DOUBLES', NULL, NULL, 64455),
('bwf_11', '27', 'R', '5', '14', 'MEN\'S SINGLES', 'MEN\'S SINGLES', 'MEN\'S SINGLES', 80614),
('bwf_12', '26', 'R', '2', '8', 'MEN\'S DOUBLES', 'MEN\'S DOUBLES', 'MEN\'S DOUBLES', 49000),
('bwf_13', '27', 'R', '8', '21', 'WOMEN\'S SINGLES', 'WOMEN\'S SINGLES', 'WOMEN\'S SINGLES', 68435),
('bwf_14', '28', 'R', NULL, NULL, 'NO CURRENT RANKING', 'NO CURRENT RANKING', 'MIXED DOUBLES', 91950),
('bwf_15', '23', 'R', '1', '1', 'WOMEN\'S SINGLES', 'WOMEN\'S SINGLES', 'WOMEN\'S SINGLES', 113320),
('bwf_16', '24', 'R', '3', '20', 'MEN\'S DOUBLES', 'MEN\'S DOUBLES', 'MEN\'S DOUBLES', 82646),
('bwf_17', '30', 'R', '3', '13', 'WOMEN\'S DOUBLES', 'WOMEN\'S DOUBLES', 'WOMEN\'S DOUBLES', 87500),
('bwf_18', '28', 'R', '3', '25', 'MEN\'S SINGLES', 'MEN\'S SINGLES', 'MEN\'S SINGLES', 87693),
('bwf_19', '27', 'R', '7', '77', 'WOMEN\'S DOUBLES', 'WOMEN\'S DOUBLES', 'WOMEN\'S DOUBLES', 72625),
('bwf_2', '24', 'R', '3', '20', 'MEN\'S DOUBLES', 'MEN\'S DOUBLES', 'MEN\'S DOUBLES', 82646),
('bwf_3', '24', 'R', '3', '13', 'WOMEN\'S DOUBLES', 'WOMEN\'S DOUBLES', 'WOMEN\'S DOUBLES', 87500),
('bwf_4', '29', 'R', '1', '4', 'MEN\'S SINGLES', 'MEN\'S SINGLES', 'MEN\'S SINGLES', 100117),
('bwf_5', '30', 'R', '104', NULL, 'WOMEN\'S SINGLES', 'NO CURRENT RANKING', 'WOMEN\'S SINGLES', 18300),
('bwf_6', NULL, NULL, '8', '27', 'MEN\'S SINGLES', 'MEN\'S SINGLES', 'MEN\'S SINGLES', 74584),
('bwf_7', '31', 'R', NULL, NULL, 'NO CURRENT RANKING', 'NO CURRENT RANKING', 'MIXED DOUBLES', 91950),
('bwf_8', '27', 'L', '7', '1', 'WOMEN\'S DOUBLES', 'WOMEN\'S DOUBLES', 'WOMEN\'S DOUBLES', 72625),
('bwf_9', '24', 'R', '2', '25', 'MIXED DOUBLES', 'MIXED DOUBLES', 'MIXED DOUBLES', 93557);

-- --------------------------------------------------------

--
-- 資料表結構 `f1_drivers`
--

CREATE TABLE `f1_drivers` (
  `player_id` varchar(10) NOT NULL,
  `car_number` varchar(20) DEFAULT NULL,
  `team_id` int(11) NOT NULL,
  `pts` int(11) DEFAULT NULL,
  `ranking` int(11) DEFAULT NULL
) ENGINE=InnoDB DEFAULT CHARSET=utf8 COLLATE=utf8_unicode_520_ci;

--
-- 傾印資料表的資料 `f1_drivers`
--

INSERT INTO `f1_drivers` (`player_id`, `car_number`, `team_id`, `pts`, `ranking`) VALUES
('f1_0', '47', 2, 99, 1),
('f1_1', '60', 10, 283, 2),
('f1_10', '44', 10, 34, 11),
('f1_11', '30', 9, 169, 12),
('f1_12', '82', 10, 180, 13),
('f1_13', '7', 5, 64, 14),
('f1_14', '57', 7, 257, 15),
('f1_15', '53', 6, 17, 16),
('f1_16', '43', 4, 103, 17),
('f1_17', '9', 6, 237, 18),
('f1_18', '2', 7, 120, 19),
('f1_19', '59', 4, 63, 20),
('f1_2', '31', 2, 30, 3),
('f1_3', '26', 7, 231, 4),
('f1_4', '55', 6, 106, 5),
('f1_5', '30', 5, 232, 6),
('f1_6', '51', 10, 139, 7),
('f1_7', '88', 4, 24, 8),
('f1_8', '23', 10, 80, 9),
('f1_9', '86', 9, 48, 10);

-- --------------------------------------------------------

--
-- 資料表結構 `f1_teams`
--

CREATE TABLE `f1_teams` (
  `team_id` int(11) NOT NULL,
  `team_name` varchar(100) DEFAULT NULL,
  `engine_supplier` varchar(100) DEFAULT NULL,
  `founded_date` date DEFAULT NULL,
  `ranking` int(11) DEFAULT NULL
) ENGINE=InnoDB DEFAULT CHARSET=utf8 COLLATE=utf8_unicode_520_ci;

--
-- 傾印資料表的資料 `f1_teams`
--

INSERT INTO `f1_teams` (`team_id`, `team_name`, `engine_supplier`, `founded_date`, `ranking`) VALUES
(1, 'Red Bull Racing', 'Ford', '2001-01-01', 2),
(2, 'Mercedes AMG', 'Renault', '2019-01-01', 9),
(3, 'Ferrari', 'Honda', '1985-01-01', 1),
(4, 'McLaren', 'Renault', '2001-01-01', 9),
(5, 'Alpine', 'Ferrari', '2007-01-01', 8),
(6, 'Aston Martin', 'Ford', '2012-01-01', 5),
(7, 'AlphaTauri', 'Ford', '1981-01-01', 1),
(8, 'Williams', 'Honda', '1982-01-01', 8),
(9, 'Haas', 'Mercedes', '2004-01-01', 5),
(10, 'Alfa Romeo', 'Ferrari', '2003-01-01', 9);

-- --------------------------------------------------------

--
-- 資料表結構 `feedback`
--

CREATE TABLE `feedback` (
  `user_id` varchar(20) NOT NULL,
  `send_date` varchar(20) NOT NULL,
  `f_time` varchar(20) NOT NULL,
  `f_type` int(11) NOT NULL,
  `content` text DEFAULT NULL,
  `f_status` enum('未處理','處理中','已處理','不採納') NOT NULL,
  `admin_id` int(11) DEFAULT NULL
) ENGINE=InnoDB DEFAULT CHARSET=utf8 COLLATE=utf8_unicode_520_ci;

--
-- 傾印資料表的資料 `feedback`
--

INSERT INTO `feedback` (`user_id`, `send_date`, `f_time`, `f_type`, `content`, `f_status`, `admin_id`) VALUES
('10107670810', '2025-06-10', '16:00', 2, '希望能夠顯示即時比分', '已處理', 3),
('10163509164', '2025-06-16', '08:30', 4, '希望新增更多比賽', '處理中', 4),
('10510607255', '2025-06-20', '14:30', 3, '建議改善 UI', '不採納', 3),
('11111025945', '2025-06-16', '17:30', 2, '希望支援夜間場次', '未處理', NULL),
('11363247342', '2025-06-10', '20:00', 1, '想加入留言功能', '已處理', 3),
('18275789144', '2025-06-10', '22:30', 3, '希望支援 LINE 通知', '已處理', 4),
('18888191062', '2025-06-14', '09:00', 3, '希望能夠顯示即時比分', '不採納', 3),
('25274245275', '2025-06-19', '08:30', 4, '希望新增更多比賽', '已處理', 3),
('27426864788', '2025-06-11', '11:30', 2, '希望可以增加場地選擇', '不採納', 4),
('27752015449', '2025-06-12', '13:30', 2, '排程邏輯有點怪', '不採納', 1),
('31630889927', '2025-06-11', '16:00', 3, '登入畫面可以更簡化', '不採納', 3),
('34819736552', '2025-06-10', '08:30', 2, '想加入留言功能', '不採納', 3),
('35266544642', '2025-06-13', '15:30', 3, '希望能夠顯示即時比分', '已處理', 2),
('37632912109', '2025-06-16', '17:00', 2, '希望可以增加場地選擇', '已處理', 2),
('38459358249', '2025-06-15', '16:00', 1, '登入畫面可以更簡化', '不採納', 2),
('42983476204', '2025-06-14', '14:30', 2, '排程邏輯有點怪', '處理中', 2),
('42986153048', '2025-06-18', '08:30', 4, '排程邏輯有點怪', '處理中', 1),
('45129380336', '2025-06-11', '18:00', 1, '建議改善 UI', '已處理', 3),
('46289900097', '2025-06-16', '14:00', 4, '排程邏輯有點怪', '未處理', NULL),
('47920146199', '2025-06-11', '22:30', 5, '希望新增更多比賽', '已處理', 1),
('48749324565', '2025-06-12', '14:00', 1, '希望支援 LINE 通知', '處理中', 1),
('49264587047', '2025-06-20', '20:00', 4, '配對有時候不太準', '已處理', 2),
('51308301955', '2025-06-13', '09:30', 4, '排程邏輯有點怪', '未處理', NULL),
('53536913196', '2025-06-16', '19:30', 3, '希望新增更多比賽', '不採納', 3),
('55707826854', '2025-06-10', '09:00', 2, '建議改善 UI', '未處理', NULL),
('58415121241', '2025-06-11', '16:00', 3, '排程邏輯有點怪', '不採納', 2),
('62922057093', '2025-06-10', '16:30', 1, '配對有時候不太準', '不採納', 3),
('63974824834', '2025-06-11', '22:00', 4, '希望可以增加場地選擇', '不採納', 1),
('64545878768', '2025-06-12', '09:00', 4, '希望新增更多比賽', '不採納', 1),
('65670636116', '2025-06-11', '20:00', 1, '希望新增更多比賽', '已處理', 3),
('69506900454', '2025-06-11', '10:00', 1, '登入畫面可以更簡化', '不採納', 2),
('69650758803', '2025-06-15', '15:00', 2, '建議改善 UI', '不採納', 4),
('69973316568', '2025-06-12', '18:00', 4, '建議改善 UI', '未處理', NULL),
('71072478029', '2025-06-19', '18:00', 3, '希望可以增加場地選擇', '已處理', 2),
('77194500030', '2025-06-19', '12:00', 5, '建議改善 UI', '不採納', 4),
('77588679055', '2025-06-20', '14:00', 3, '排程邏輯有點怪', '已處理', 3),
('77994768872', '2025-06-11', '17:30', 4, '希望可以增加場地選擇', '處理中', 3),
('78297930768', '2025-06-14', '12:30', 3, '配對有時候不太準', '已處理', 3),
('79600016116', '2025-06-10', '18:00', 3, '排程邏輯有點怪', '未處理', NULL),
('81262015810', '2025-06-20', '21:30', 3, '登入畫面可以更簡化', '不採納', 3),
('81605958229', '2025-06-13', '22:30', 2, '建議改善 UI', '處理中', 2),
('83099603470', '2025-06-20', '13:00', 4, '希望可以增加場地選擇', '已處理', 3),
('84929158264', '2025-06-20', '13:30', 1, '希望支援 LINE 通知', '已處理', 3),
('87673635574', '2025-06-14', '19:30', 3, '希望支援夜間場次', '不採納', 2),
('92683619575', '2025-06-16', '20:30', 1, '希望新增更多比賽', '已處理', 3),
('93784304789', '2025-06-11', '16:30', 2, '希望支援夜間場次', '不採納', 4),
('93925440584', '2025-06-13', '13:30', 3, '希望新增更多比賽', '不採納', 2),
('96171871496', '2025-06-10', '21:30', 1, '希望能夠顯示即時比分', '已處理', 4),
('96271277925', '2025-06-18', '08:30', 3, '希望能夠顯示即時比分', '未處理', NULL),
('96896713964', '2025-06-13', '13:00', 1, '想加入留言功能', '處理中', 3);

-- --------------------------------------------------------

--
-- 資料表結構 `feedback_replies`
--

CREATE TABLE `feedback_replies` (
  `user_id` varchar(20) NOT NULL,
  `send_date` varchar(20) NOT NULL,
  `f_time` varchar(20) NOT NULL,
  `reply` text DEFAULT NULL,
  `reason` text DEFAULT NULL,
  `reply_date` varchar(20) DEFAULT NULL,
  `reply_time` varchar(20) DEFAULT NULL
) ENGINE=InnoDB DEFAULT CHARSET=utf8 COLLATE=utf8_unicode_520_ci;

--
-- 傾印資料表的資料 `feedback_replies`
--

INSERT INTO `feedback_replies` (`user_id`, `send_date`, `f_time`, `reply`, `reason`, `reply_date`, `reply_time`) VALUES
('10107670810', '2025-06-10', '16:00', '已處理~', '', '2025-05-11', '20:17'),
('10510607255', '2025-06-20', '14:30', '', '建議不符實際需求', '2025-05-19', '14:08'),
('11363247342', '2025-06-10', '20:00', '我不要啊', '', '2025-05-11', '20:27'),
('18275789144', '2025-06-10', '22:30', '幫你處理好了><', '', '2025-05-11', '17:00'),
('18888191062', '2025-06-14', '09:00', '', '', '2025-05-11', '20:18'),
('25274245275', '2025-06-19', '08:30', '安安<3', '', '2025-05-11', '23:51'),
('27426864788', '2025-06-11', '11:30', '', '建議不符實際需求', '2025-05-19', '14:08'),
('27752015449', '2025-06-12', '13:30', '', '建議不符實際需求', '2025-05-19', '14:08'),
('31630889927', '2025-06-11', '16:00', '', '感謝建議，未來將考慮', '2025-05-19', '14:08'),
('34819736552', '2025-06-10', '08:30', '', '目前尚無資源調整', '2025-05-19', '14:08'),
('35266544642', '2025-06-13', '15:30', '搞定瞜，確認一下~', '', '2025-05-11', '19:30'),
('37632912109', '2025-06-16', '17:00', '幫你處理好了><', '', '2025-05-11', '12:30'),
('38459358249', '2025-06-15', '16:00', '', '感謝建議，未來將考慮', '2025-05-19', '14:08'),
('45129380336', '2025-06-11', '18:00', '終於修好這個了~', '終於修好這個了~', '2025-05-17', '19:13'),
('47920146199', '2025-06-11', '22:30', '謝謝告知，已修復', '', '2025-05-11', '15:00'),
('49264587047', '2025-06-20', '20:00', '搞定瞜，確認一下~', '', '2025-05-11', '12:00'),
('53536913196', '2025-06-16', '19:30', '', '', '2025-05-11', '23:52'),
('58415121241', '2025-06-11', '16:00', '', '目前尚無資源調整', '2025-05-19', '14:08'),
('62922057093', '2025-06-10', '16:30', '', '感謝建議，未來將考慮', '2025-05-19', '14:08'),
('63974824834', '2025-06-11', '22:00', '', '感謝建議，未來將考慮', '2025-05-19', '14:08'),
('64545878768', '2025-06-12', '09:00', '', '功能已在開發中', '2025-05-19', '14:08'),
('65670636116', '2025-06-11', '20:00', '已經處理完瞜~', '', '2025-05-11', '22:30'),
('69506900454', '2025-06-11', '10:00', '', '感謝建議，未來將考慮', '2025-05-19', '14:08'),
('69650758803', '2025-06-15', '15:00', '', '目前尚無資源調整', '2025-05-19', '14:08'),
('71072478029', '2025-06-19', '18:00', '幫你處理好了><', '', '2025-05-11', '10:30'),
('77194500030', '2025-06-19', '12:00', '', '感謝建議，未來將考慮', '2025-05-19', '14:08'),
('77588679055', '2025-06-20', '14:00', '謝謝告知，已修復', '', '2025-05-11', '21:00'),
('78297930768', '2025-06-14', '12:30', '安安你好', '安安你好', '2025-05-11', '20:25'),
('81262015810', '2025-06-20', '21:30', '我不要', '我不要', '2025-05-11', '20:28'),
('83099603470', '2025-06-20', '13:00', '搞定瞜，確認一下~', '', '2025-05-11', '20:00'),
('84929158264', '2025-06-20', '13:30', '已經處理完瞜~', '', '2025-05-11', '08:30'),
('87673635574', '2025-06-14', '19:30', '', '功能已在開發中', '2025-05-19', '14:08'),
('92683619575', '2025-06-16', '20:30', '謝謝告知，已修復', '', '2025-05-11', '19:00'),
('93784304789', '2025-06-11', '16:30', '', '目前尚無資源調整', '2025-05-19', '14:08'),
('93925440584', '2025-06-13', '13:30', '', '目前尚無資源調整', '2025-05-19', '14:08'),
('96171871496', '2025-06-10', '21:30', '已經處理完瞜~', '', '2025-05-11', '21:00');

-- --------------------------------------------------------

--
-- 資料表結構 `matches_schedule`
--

CREATE TABLE `matches_schedule` (
  `game_no` int(11) NOT NULL,
  `type` int(11) NOT NULL,
  `date` varchar(20) NOT NULL,
  `match_name` varchar(50) NOT NULL,
  `time` varchar(20) NOT NULL,
  `point` int(11) DEFAULT NULL
) ENGINE=InnoDB DEFAULT CHARSET=utf8 COLLATE=utf8_unicode_520_ci;

--
-- 傾印資料表的資料 `matches_schedule`
--

INSERT INTO `matches_schedule` (`game_no`, `type`, `date`, `match_name`, `time`, `point`) VALUES
(1, 4, '2025-06-21', 'Guardians vs Dragons', '19:00', 97),
(2, 3, '2025-06-25', 'Dodgers vs Cubs', '17:30', NULL),
(3, 5, '2025-06-25', 'Yamaguchi vs Intanon', '19:30', NULL),
(4, 1, '2025-06-22', 'Bulls vs Heat', '20:00', 81),
(5, 3, '2025-06-21', 'Dodgers vs Cubs', '11:00', 89),
(6, 3, '2025-06-23', 'Yankees vs Red Sox', '14:00', 89),
(7, 2, '2025-06-22', 'Leclerc vs Norris', '18:30', 75),
(8, 3, '2025-06-22', 'Yankees vs Red Sox', '11:30', 106),
(9, 5, '2025-06-20', 'Tai vs Chen', '14:00', NULL),
(10, 2, '2025-06-24', 'Russell vs Alonso', '10:00', 107);

-- --------------------------------------------------------

--
-- 資料表結構 `match_platforms`
--

CREATE TABLE `match_platforms` (
  `game_no` int(11) NOT NULL,
  `platform_id` int(11) NOT NULL
) ENGINE=InnoDB DEFAULT CHARSET=utf8 COLLATE=utf8_unicode_520_ci;

--
-- 傾印資料表的資料 `match_platforms`
--

INSERT INTO `match_platforms` (`game_no`, `platform_id`) VALUES
(1, 2),
(2, 1),
(3, 4),
(4, 3),
(5, 1),
(6, 2),
(7, 5),
(8, 3),
(9, 4),
(10, 2);

-- --------------------------------------------------------

--
-- 資料表結構 `nba_players`
--

CREATE TABLE `nba_players` (
  `player_id` varchar(10) NOT NULL,
  `jersey_number` int(3) NOT NULL,
  `fg_pct` varchar(5) DEFAULT NULL,
  `ft_pct` varchar(5) DEFAULT NULL,
  `three_pt_pct` varchar(5) DEFAULT NULL,
  `points` varchar(5) DEFAULT NULL,
  `off_reb` varchar(5) DEFAULT NULL,
  `rebounds` varchar(5) DEFAULT NULL,
  `assists` varchar(5) DEFAULT NULL,
  `team_id` char(2) DEFAULT NULL
) ENGINE=InnoDB DEFAULT CHARSET=utf8 COLLATE=utf8_unicode_520_ci;

--
-- 傾印資料表的資料 `nba_players`
--

INSERT INTO `nba_players` (`player_id`, `jersey_number`, `fg_pct`, `ft_pct`, `three_pt_pct`, `points`, `off_reb`, `rebounds`, `assists`, `team_id`) VALUES
('nba_0', 0, '43.7', '87.9', '33.7', '26.3', '0.3', '3.3', '6.1', '1'),
('nba_1', 21, '44.4', '88.2', '29.9', '23.8', '1.9', '8.2', '4.5', '1'),
('nba_10', 17, '37.1', '84.2', '30.4', '7.8', '0.2', '2.0', '2.8', '1'),
('nba_100', 9, '51.1', '68.5', '38.3', '8.8', '1.8', '5.7', '1.0', '6'),
('nba_101', 18, '37.2', '75.3', '32.2', '8.7', '0.7', '4.2', '2.5', '6'),
('nba_102', 1, '46.6', '65.7', '30.8', '8.7', '0.9', '4.3', '2.5', '6'),
('nba_103', 22, '64.7', '83.3', '0.0', '7.4', '2.0', '5.7', '1.4', '6'),
('nba_104', 4, '41.7', '90.0', '27.3', '5.8', '0.8', '3.4', '1.3', '6'),
('nba_105', 21, '36.4', '57.1', '20.0', '3.9', '1.5', '3.8', '0.5', '6'),
('nba_106', 16, '48.9', '66.0', '32.3', '2.5', '0.4', '1.3', '0.3', '6'),
('nba_107', 2, '46.9', '84.6', '35.6', '26.1', '0.8', '6.1', '9.1', '7'),
('nba_108', 23, '46.0', '73.3', '40.9', '17.6', '1.3', '4.1', '4.0', '7'),
('nba_109', 5, '43.0', '67.9', '41.6', '16.3', '0.6', '2.6', '1.7', '7'),
('nba_11', 14, '38.2', '80.4', '25.8', '7.3', '0.7', '2.9', '1.3', '1'),
('nba_110', 35, '66.7', '66.7', '0.0', '14.0', '4.0', '8.0', '0.0', '7'),
('nba_111', 12, '47.7', '86.1', '34.5', '13.7', '0.9', '5.9', '2.2', '7'),
('nba_112', 0, '69.2', '66.9', '0.0', '11.8', '3.6', '10.3', '2.7', '7'),
('nba_113', 8, '40.6', '85.5', '36.8', '11.0', '0.2', '2.4', '1.6', '7'),
('nba_114', 17, '37.8', '83.3', '30.2', '10.8', '0.5', '2.6', '5.3', '7'),
('nba_115', 9, '53.5', '64.1', '22.4', '10.1', '1.9', '5.1', '2.3', '7'),
('nba_116', 25, '46.3', '84.3', '38.2', '6.6', '0.3', '1.2', '2.3', '7'),
('nba_117', 0, '47.4', '75.4', '23.8', '6.4', '0.5', '2.7', '1.0', '7'),
('nba_118', 28, '55.9', '75.9', '32.1', '6.0', '1.8', '5.5', '1.7', '7'),
('nba_119', 19, '40.2', '83.3', '33.5', '5.9', '0.7', '2.9', '0.9', '7'),
('nba_12', 1, '50.0', '62.2', '15.0', '7.3', '2.7', '7.8', '0.9', '1'),
('nba_120', 7, '50.7', '76.2', '28.6', '4.1', '0.9', '2.7', '1.0', '7'),
('nba_121', 13, '12.5', '100.0', '0.0', '4.0', '4.0', '7.0', '2.0', '7'),
('nba_122', 43, '36.4', '0.0', '39.5', '3.4', '0.3', '1.0', '0.7', '7'),
('nba_123', 34, '60.0', '50.0', '40.0', '1.9', '0.1', '0.9', '0.9', '7'),
('nba_124', 24, '30.0', '0.0', '14.3', '1.0', '0.0', '0.3', '0.4', '7'),
('nba_125', 1, '40.5', '84.3', '33.9', '25.2', '1.0', '4.9', '7.4', '8'),
('nba_126', 24, '40.3', '86.1', '35.5', '21.0', '0.9', '4.9', '3.6', '8'),
('nba_127', 0, '43.1', '87.0', '31.3', '20.3', '1.1', '7.5', '3.9', '8'),
('nba_128', 5, '60.4', '80.4', '0.0', '15.3', '3.0', '10.2', '2.5', '8'),
('nba_129', 23, '43.5', '90.5', '40.0', '14.1', '0.9', '2.9', '3.0', '8'),
('nba_13', 11, '48.7', '73.3', '40.0', '7.0', '0.3', '1.5', '1.9', '1'),
('nba_130', 2, '43.9', '83.8', '36.5', '10.4', '1.1', '5.1', '2.3', '8'),
('nba_131', 8, '39.1', '93.5', '34.0', '9.9', '0.2', '2.1', '2.4', '8'),
('nba_132', 11, '49.7', '62.7', '28.3', '9.2', '1.5', '6.5', '2.6', '8'),
('nba_133', 12, '38.8', '77.4', '32.0', '8.9', '0.9', '2.7', '1.3', '8'),
('nba_134', 25, '34.6', '82.0', '25.4', '7.8', '1.1', '3.0', '3.1', '8'),
('nba_135', 10, '42.8', '68.1', '39.1', '7.4', '0.8', '2.5', '1.6', '8'),
('nba_136', 7, '32.3', '86.7', '21.4', '7.3', '0.9', '3.3', '3.7', '8'),
('nba_137', 3, '40.5', '80.0', '33.5', '6.7', '0.8', '2.9', '1.1', '8'),
('nba_138', 30, '47.8', '84.6', '45.6', '6.5', '0.4', '1.7', '0.9', '8'),
('nba_139', 31, '33.0', '71.3', '28.3', '5.9', '1.2', '4.7', '1.2', '8'),
('nba_14', 23, '42.6', '75.0', '40.9', '6.8', '0.2', '1.2', '1.7', '1'),
('nba_140', 14, '59.6', '59.5', '0.0', '5.7', '2.6', '6.2', '0.8', '8'),
('nba_141', 9, '47.4', '62.5', '37.0', '5.4', '1.2', '3.2', '1.2', '8'),
('nba_142', 67, '49.5', '60.0', '50.0', '2.9', '1.4', '3.2', '0.6', '8'),
('nba_143', 0, '45.2', '81.4', '34.3', '26.8', '0.7', '8.7', '6.0', '9'),
('nba_144', 7, '46.3', '76.4', '32.4', '22.2', '1.3', '5.8', '4.5', '9'),
('nba_145', 8, '48.3', '80.9', '41.2', '19.5', '1.6', '6.8', '2.1', '9'),
('nba_146', 9, '44.2', '83.9', '38.4', '16.4', '0.9', '4.5', '4.8', '9'),
('nba_147', 11, '47.2', '84.5', '40.7', '14.3', '1.3', '3.8', '3.5', '9'),
('nba_148', 4, '44.3', '90.9', '35.3', '11.1', '1.2', '4.3', '3.9', '9'),
('nba_149', 42, '42.3', '89.5', '36.3', '9.0', '1.3', '6.2', '2.1', '9'),
('nba_15', 30, '70.3', '67.0', '0.0', '5.8', '1.6', '4.2', '0.5', '1'),
('nba_150', 30, '45.1', '100.0', '41.6', '8.5', '0.6', '3.2', '0.9', '9'),
('nba_151', 40, '66.8', '69.1', '0.0', '6.0', '2.6', '5.3', '1.6', '9'),
('nba_152', 88, '65.0', '75.4', '0.0', '5.0', '1.4', '3.8', '0.7', '9'),
('nba_153', 55, '35.5', '75.0', '31.7', '3.6', '0.6', '2.1', '1.1', '9'),
('nba_154', 12, '35.6', '62.5', '29.0', '2.7', '1.1', '2.8', '0.7', '9'),
('nba_155', 44, '22.2', '50.0', '28.6', '2.3', '0.7', '3.0', '0.0', '9'),
('nba_156', 13, '41.5', '77.8', '39.4', '2.2', '0.4', '1.6', '0.5', '9'),
('nba_157', 20, '35.3', '71.4', '22.2', '2.1', '0.1', '0.8', '0.8', '9'),
('nba_158', 27, '36.1', '58.3', '27.3', '1.6', '0.4', '1.3', '0.4', '9'),
('nba_159', 26, '24.5', '75.0', '15.6', '1.0', '0.3', '1.3', '0.2', '9'),
('nba_16', 65, '47.2', '75.0', '36.6', '5.3', '0.6', '3.3', '0.3', '1'),
('nba_160', 43, '51.9', '73.4', '38.9', '20.2', '1.7', '6.9', '3.4', '10'),
('nba_161', 0, '47.3', '85.1', '38.8', '18.6', '0.6', '3.5', '9.2', '10'),
('nba_162', 0, '45.8', '83.1', '34.0', '16.1', '1.2', '5.3', '1.9', '10'),
('nba_163', 33, '48.1', '77.3', '39.6', '15.6', '1.3', '6.5', '1.5', '10'),
('nba_164', 23, '50.7', '91.3', '43.1', '12.0', '0.8', '4.0', '1.2', '10'),
('nba_165', 1, '52.9', '78.1', '36.5', '10.5', '0.7', '4.0', '1.6', '10'),
('nba_166', 2, '45.8', '79.4', '29.1', '10.0', '0.5', '3.3', '5.0', '10'),
('nba_167', 9, '51.9', '74.0', '30.6', '9.1', '0.6', '2.4', '4.4', '10'),
('nba_168', 22, '60.9', '50.0', '0.0', '7.0', '2.2', '5.6', '1.0', '10'),
('nba_169', 3, '51.5', '83.0', '32.1', '6.9', '1.4', '3.9', '0.9', '10'),
('nba_17', 7, '35.0', '81.8', '33.0', '3.9', '0.3', '1.9', '2.7', '1'),
('nba_170', 5, '47.2', '66.7', '40.5', '6.1', '0.3', '3.1', '1.5', '10'),
('nba_171', 29, '47.5', '77.5', '37.5', '5.8', '0.5', '1.6', '1.9', '10'),
('nba_172', 26, '41.8', '88.9', '34.2', '5.3', '0.7', '2.8', '1.3', '10'),
('nba_173', 13, '64.4', '33.3', '33.3', '4.4', '1.3', '3.0', '0.4', '10'),
('nba_174', 10, '33.3', '100.0', '28.6', '2.7', '0.2', '1.1', '1.3', '10'),
('nba_175', 8, '43.2', '68.4', '10.0', '2.1', '0.5', '1.4', '0.4', '10'),
('nba_176', 12, '38.0', '81.8', '30.0', '2.1', '0.5', '1.4', '0.4', '10'),
('nba_177', 16, '36.4', '0.0', '0.0', '0.7', '0.0', '0.5', '0.3', '10'),
('nba_178', 9, '46.8', '63.0', '35.0', '21.1', '1.1', '6.3', '5.4', '11'),
('nba_179', 4, '44.6', '75.5', '27.1', '19.3', '1.7', '7.7', '5.8', '11'),
('nba_18', 0, '45.3', '90.2', '37.0', '20.4', '0.3', '3.7', '4.5', '2'),
('nba_180', 5, '42.0', '86.7', '37.8', '17.1', '0.5', '3.5', '5.8', '11'),
('nba_181', 19, '62.7', '67.4', '33.3', '14.5', '3.3', '9.6', '2.8', '11'),
('nba_182', 1, '41.0', '85.8', '35.0', '14.4', '0.8', '3.6', '1.8', '11'),
('nba_183', 27, '50.6', '88.0', '32.4', '11.4', '1.2', '3.8', '1.4', '11'),
('nba_184', 30, '49.8', '70.8', '39.9', '10.4', '1.0', '3.8', '1.5', '11'),
('nba_185', 25, '49.2', '78.2', '36.3', '10.0', '1.4', '4.5', '0.7', '11'),
('nba_186', 0, '42.1', '68.3', '32.7', '9.1', '0.8', '3.3', '1.2', '11'),
('nba_187', 14, '40.5', '79.5', '34.9', '8.6', '1.1', '3.1', '1.6', '11'),
('nba_188', 11, '50.0', '72.2', '25.0', '7.2', '3.1', '6.9', '1.6', '11'),
('nba_189', 77, '42.9', '88.9', '40.5', '7.1', '0.6', '2.7', '0.9', '11'),
('nba_19', 9, '53.0', '80.5', '40.2', '18.5', '2.4', '10.1', '3.5', '2'),
('nba_190', 23, '40.5', '76.8', '32.3', '7.1', '0.4', '1.5', '4.2', '11'),
('nba_191', 2, '43.8', '73.2', '24.3', '6.2', '1.7', '4.9', '2.3', '11'),
('nba_192', 17, '30.0', '91.7', '21.4', '1.9', '0.3', '1.0', '1.1', '11'),
('nba_193', 22, '40.0', '50.0', '0.0', '0.7', '0.6', '1.1', '0.3', '11'),
('nba_194', 14, '47.2', '87.8', '37.5', '23.9', '0.5', '5.2', '5.5', '12'),
('nba_195', 22, '45.8', '73.1', '36.0', '19.0', '1.4', '4.2', '3.3', '12'),
('nba_196', 13, '48.5', '76.5', '35.7', '18.1', '2.4', '9.6', '4.3', '12'),
('nba_197', 55, '43.7', '88.7', '39.3', '11.0', '0.2', '2.3', '2.4', '12'),
('nba_198', 5, '45.6', '82.8', '37.1', '10.7', '0.6', '3.9', '2.8', '12'),
('nba_199', 2, '39.1', '85.2', '29.5', '10.6', '0.7', '3.7', '2.6', '12'),
('nba_2', 5, '46.9', '75.2', '37.3', '21.9', '1.0', '5.2', '4.5', '1'),
('nba_20', 3, '46.5', '78.1', '37.8', '14.6', '1.8', '8.1', '7.2', '2'),
('nba_200', 45, '50.4', '70.2', '44.7', '10.3', '0.6', '2.7', '5.3', '12'),
('nba_201', 7, '55.4', '68.7', '31.5', '9.3', '1.8', '7.4', '0.9', '12'),
('nba_202', 11, '46.1', '75.4', '31.1', '8.6', '1.3', '4.4', '2.5', '12'),
('nba_203', 18, '42.4', '77.6', '42.5', '7.3', '0.3', '2.5', '1.1', '12'),
('nba_204', 20, '49.3', '78.9', '33.3', '6.7', '1.0', '3.8', '2.6', '12'),
('nba_205', 24, '45.8', '72.1', '38.2', '6.5', '1.0', '3.4', '1.5', '12'),
('nba_206', 12, '50.8', '75.0', '53.3', '6.2', '0.9', '2.6', '1.6', '12'),
('nba_207', 42, '35.7', '69.6', '35.8', '5.3', '1.0', '4.1', '1.0', '12'),
('nba_208', 9, '43.8', '67.2', '33.7', '4.6', '0.5', '1.7', '1.2', '12'),
('nba_209', 16, '69.2', '44.4', '42.9', '2.7', '0.4', '1.8', '0.3', '12'),
('nba_21', 13, '43.9', '71.4', '37.6', '13.2', '0.4', '3.3', '3.2', '2'),
('nba_210', 8, '35.5', '66.7', '18.2', '2.0', '0.0', '0.6', '0.6', '12'),
('nba_211', 4, '0.0', '0.0', '0.0', '0.0', '0.0', '0.7', '0.0', '12'),
('nba_212', 45, '44.3', '82.3', '36.8', '24.0', '0.8', '4.5', '5.0', '13'),
('nba_213', 10, '47.2', '87.8', '40.1', '20.6', '0.6', '2.9', '6.7', '13'),
('nba_214', 4, '55.7', '72.5', '37.0', '18.5', '2.3', '9.3', '3.2', '13'),
('nba_215', 12, '48.5', '82.1', '42.6', '14.3', '0.6', '4.2', '1.3', '13'),
('nba_216', 31, '70.6', '71.8', '0.0', '13.5', '2.6', '9.7', '1.9', '13'),
('nba_217', 2, '51.6', '87.2', '43.9', '12.5', '0.7', '2.5', '3.4', '13'),
('nba_218', 1, '44.2', '82.4', '38.6', '9.4', '1.1', '4.3', '3.2', '13'),
('nba_219', 30, '40.6', '72.7', '20.0', '7.2', '1.8', '4.2', '0.4', '13'),
('nba_22', 11, '49.2', '78.5', '32.8', '12.3', '0.6', '3.5', '4.5', '2'),
('nba_220', 5, '40.6', '96.6', '37.2', '7.2', '0.5', '2.2', '1.5', '13'),
('nba_221', 35, '46.4', '71.7', '37.1', '6.1', '0.9', '2.4', '1.2', '13'),
('nba_222', 32, '41.3', '53.3', '36.0', '5.4', '0.9', '4.2', '1.3', '13'),
('nba_223', 21, '34.2', '0.0', '36.7', '3.7', '0.0', '0.7', '0.8', '13'),
('nba_224', 9, '51.4', '71.9', '43.8', '3.7', '0.4', '1.3', '1.4', '13'),
('nba_225', 24, '43.0', '79.2', '34.5', '3.6', '0.8', '2.0', '0.9', '13'),
('nba_226', 8, '36.5', '50.0', '24.2', '3.3', '0.6', '2.2', '0.6', '13'),
('nba_227', 18, '28.6', '0.0', '16.7', '2.5', '0.5', '2.0', '1.0', '13'),
('nba_228', 13, '43.7', '23.3', '0.0', '1.7', '0.8', '3.4', '0.6', '13'),
('nba_229', 33, '25.0', '100.0', '0.0', '1.0', '0.7', '1.7', '0.7', '13'),
('nba_23', 30, '57.2', '88.2', '50.0', '11.5', '0.9', '3.2', '4.9', '2'),
('nba_230', 24, '43.8', '88.1', '34.9', '24.0', '0.6', '3.3', '3.8', '14'),
('nba_231', 2, '47.5', '89.3', '39.0', '18.8', '0.9', '4.3', '3.4', '14'),
('nba_232', 1, '36.7', '82.6', '29.7', '12.9', '0.4', '2.8', '5.6', '14'),
('nba_233', 26, '44.1', '62.5', '25.7', '12.1', '1.9', '7.2', '2.2', '14'),
('nba_234', 45, '38.9', '77.0', '31.4', '10.6', '0.8', '3.8', '2.2', '14'),
('nba_235', 33, '56.3', '51.3', '23.8', '10.3', '2.2', '7.4', '2.2', '14'),
('nba_236', 9, '46.9', '76.2', '33.0', '10.2', '0.8', '3.6', '2.6', '14'),
('nba_237', 8, '41.2', '82.1', '34.1', '10.0', '1.0', '4.6', '1.3', '14'),
('nba_238', 22, '39.7', '81.8', '33.7', '9.5', '0.9', '3.4', '1.8', '14'),
('nba_239', 12, '42.7', '75.3', '31.2', '9.5', '1.1', '4.3', '2.0', '14'),
('nba_24', 44, '39.7', '72.3', '35.3', '9.0', '0.7', '3.8', '2.0', '2'),
('nba_240', 21, '35.8', '83.8', '33.3', '9.1', '0.9', '3.9', '0.9', '14'),
('nba_241', 13, '40.6', '79.3', '35.1', '8.7', '1.0', '3.7', '2.0', '14'),
('nba_242', 20, '52.1', '75.7', '24.4', '7.9', '3.0', '6.6', '1.8', '14'),
('nba_243', 10, '32.7', '80.0', '29.5', '7.9', '0.4', '1.3', '1.7', '14'),
('nba_244', 0, '40.6', '60.0', '44.6', '5.7', '0.2', '1.5', '0.6', '14'),
('nba_245', 27, '42.2', '70.0', '38.0', '5.3', '0.8', '2.5', '0.8', '14'),
('nba_246', 4, '32.1', '76.2', '17.5', '2.7', '0.4', '1.1', '1.8', '14'),
('nba_247', 5, '45.2', '72.7', '32.0', '25.9', '1.1', '7.5', '4.8', '15'),
('nba_248', 22, '46.3', '87.1', '29.5', '24.2', '0.9', '5.7', '4.7', '15'),
('nba_249', 4, '41.0', '88.2', '31.4', '16.2', '0.7', '4.0', '3.7', '15'),
('nba_25', 12, '54.1', '88.4', '30.0', '8.6', '2.3', '6.7', '2.1', '2'),
('nba_250', 21, '56.2', '71.8', '36.0', '12.9', '1.3', '4.9', '1.4', '15'),
('nba_251', 50, '42.4', '82.3', '35.3', '9.4', '0.7', '3.0', '2.9', '15'),
('nba_252', 0, '42.3', '76.1', '31.8', '9.4', '0.7', '2.9', '3.1', '15'),
('nba_253', 34, '46.0', '73.7', '23.4', '9.1', '2.2', '7.2', '2.0', '15'),
('nba_254', 3, '43.9', '86.3', '34.2', '8.7', '0.4', '2.2', '1.8', '15'),
('nba_255', 35, '61.1', '63.9', '10.7', '7.2', '2.4', '6.6', '2.0', '15'),
('nba_256', 23, '41.2', '87.3', '33.5', '7.2', '1.0', '3.3', '1.5', '15'),
('nba_257', 1, '41.4', '68.2', '25.8', '5.4', '1.7', '4.4', '0.6', '15'),
('nba_258', 12, '38.1', '85.7', '28.6', '4.9', '0.8', '1.7', '1.2', '15'),
('nba_259', 13, '37.4', '69.6', '29.6', '4.5', '0.3', '1.2', '0.7', '15'),
('nba_26', 14, '45.4', '81.5', '36.1', '8.6', '0.7', '3.5', '1.0', '2'),
('nba_260', 2, '42.1', '88.2', '40.0', '4.1', '0.3', '1.3', '0.6', '15'),
('nba_261', 10, '40.3', '77.8', '36.4', '3.5', '0.3', '1.5', '1.4', '15'),
('nba_262', 14, '38.3', '58.3', '35.6', '3.0', '0.4', '1.3', '0.6', '15'),
('nba_263', 8, '0.0', '0.0', '0.0', '0.0', '0.0', '0.5', '1.5', '15'),
('nba_264', 35, '52.7', '83.9', '43.0', '26.6', '0.4', '6.0', '4.2', '16'),
('nba_265', 1, '46.1', '89.4', '33.2', '25.6', '1.0', '4.1', '7.1', '16'),
('nba_266', 3, '49.7', '80.3', '38.6', '17.0', '0.6', '3.3', '3.7', '16'),
('nba_267', 8, '44.8', '81.6', '42.6', '10.6', '0.5', '3.0', '2.1', '16'),
('nba_268', 21, '44.8', '89.5', '41.4', '10.2', '0.5', '2.4', '5.3', '16'),
('nba_269', 2, '60.5', '82.2', '0.0', '9.5', '2.7', '8.6', '0.6', '16'),
('nba_27', 7, '46.6', '80.9', '32.4', '8.2', '1.4', '5.6', '1.0', '2'),
('nba_270', 0, '42.3', '73.1', '40.6', '9.1', '0.7', '4.7', '2.2', '16'),
('nba_271', 0, '43.0', '48.7', '31.1', '6.9', '1.2', '3.6', '0.8', '16'),
('nba_272', 11, '52.5', '76.9', '34.4', '6.8', '0.6', '2.9', '0.6', '16'),
('nba_273', 12, '43.0', '86.4', '43.3', '5.9', '0.7', '2.4', '2.4', '16'),
('nba_274', 23, '42.6', '85.7', '36.0', '5.2', '0.3', '1.5', '1.6', '16'),
('nba_275', 22, '61.9', '64.8', '0.0', '4.5', '1.6', '6.1', '1.8', '16'),
('nba_276', 4, '60.4', '58.0', '0.0', '4.2', '1.1', '3.6', '1.2', '16'),
('nba_277', 17, '35.1', '75.0', '11.1', '3.7', '0.9', '3.4', '1.1', '16'),
('nba_278', 10, '36.5', '95.2', '24.3', '3.3', '0.1', '0.8', '0.4', '16'),
('nba_279', 14, '31.1', '50.0', '19.0', '2.2', '0.3', '0.8', '1.0', '16'),
('nba_28', 2, '36.6', '81.5', '34.4', '7.6', '0.7', '3.4', '3.3', '2'),
('nba_280', 15, '28.6', '75.0', '28.6', '1.1', '0.0', '0.5', '0.0', '16'),
('nba_281', 18, '0.0', '0.0', '0.0', '0.0', '0.0', '0.4', '0.2', '16'),
('nba_282', 4, '42.3', '81.3', '35.4', '21.0', '0.5', '4.6', '3.4', '17'),
('nba_283', 28, '49.6', '69.2', '23.3', '19.1', '3.4', '10.3', '4.9', '17'),
('nba_284', 5, '37.8', '81.0', '34.5', '14.1', '0.5', '3.7', '5.6', '17'),
('nba_285', 1, '55.7', '68.4', '27.5', '14.1', '2.8', '8.2', '3.8', '17'),
('nba_286', 9, '42.9', '81.8', '39.7', '14.0', '1.0', '3.7', '1.7', '17'),
('nba_287', 10, '43.8', '82.5', '35.4', '12.2', '1.8', '7.0', '1.1', '17'),
('nba_288', 17, '48.7', '76.0', '34.2', '12.0', '2.2', '6.4', '1.5', '17'),
('nba_289', 7, '44.4', '75.0', '35.5', '9.4', '0.7', '3.0', '1.0', '17'),
('nba_29', 22, '45.7', '73.5', '33.6', '6.5', '0.3', '1.7', '1.4', '2'),
('nba_290', 3, '76.9', '80.0', '0.0', '6.0', '1.5', '5.3', '0.5', '17'),
('nba_291', 0, '43.7', '82.9', '39.8', '5.5', '0.2', '1.3', '1.3', '17'),
('nba_292', 32, '50.4', '80.8', '36.7', '5.4', '0.3', '1.8', '0.6', '17'),
('nba_293', 2, '53.3', '67.5', '42.3', '4.8', '1.3', '3.3', '0.9', '17'),
('nba_294', 15, '35.1', '81.3', '33.8', '4.4', '0.3', '1.5', '1.4', '17'),
('nba_295', 21, '38.5', '50.0', '14.3', '4.3', '0.0', '1.7', '0.7', '17'),
('nba_296', 12, '54.5', '46.2', '0.0', '3.9', '2.9', '5.6', '1.1', '17'),
('nba_297', 8, '47.3', '68.1', '34.8', '3.6', '1.0', '2.3', '0.9', '17'),
('nba_298', 19, '43.5', '62.5', '23.1', '3.3', '0.3', '0.7', '0.5', '17'),
('nba_299', 58, '29.4', '0.0', '30.8', '1.6', '0.2', '0.6', '0.1', '17'),
('nba_3', 8, '43.0', '81.4', '35.8', '16.2', '0.6', '5.3', '4.3', '1'),
('nba_30', 15, '44.6', '78.9', '32.7', '4.6', '0.8', '2.1', '0.5', '2'),
('nba_300', 5, '44.7', '83.7', '39.5', '27.6', '0.8', '5.7', '4.5', '18'),
('nba_301', 30, '48.5', '80.6', '34.4', '18.7', '2.1', '7.1', '4.7', '18'),
('nba_302', 11, '46.2', '77.6', '37.9', '14.2', '1.2', '6.0', '2.3', '18'),
('nba_303', 3, '47.7', '81.3', '33.0', '12.2', '1.6', '5.7', '2.0', '18'),
('nba_304', 27, '66.9', '67.4', '0.0', '12.0', '3.7', '10.9', '1.8', '18'),
('nba_305', 0, '42.2', '77.8', '39.7', '11.7', '0.5', '3.7', '3.6', '18'),
('nba_306', 9, '43.8', '78.0', '38.1', '9.4', '0.7', '3.2', '2.7', '18'),
('nba_307', 10, '40.0', '90.0', '41.0', '8.2', '0.5', '2.6', '4.5', '18'),
('nba_308', 4, '44.1', '53.3', '33.8', '4.5', '0.2', '1.0', '2.0', '18'),
('nba_309', 0, '48.2', '81.0', '35.5', '4.3', '0.3', '1.5', '1.0', '18'),
('nba_31', 25, '44.8', '71.0', '35.6', '4.5', '0.5', '1.7', '1.3', '2'),
('nba_310', 22, '46.7', '78.4', '43.1', '4.1', '0.7', '1.3', '0.7', '18'),
('nba_311', 55, '49.5', '68.6', '27.8', '3.5', '0.8', '1.4', '0.3', '18'),
('nba_312', 8, '48.9', '89.5', '32.6', '2.6', '0.3', '1.0', '0.4', '18'),
('nba_313', 33, '40.0', '100.0', '0.0', '1.5', '0.2', '0.8', '0.0', '18'),
('nba_314', 77, '66.7', '0.0', '50.0', '1.3', '0.0', '0.3', '1.0', '18'),
('nba_315', 7, '26.1', '0.0', '20.0', '0.8', '0.1', '0.6', '1.2', '18'),
('nba_316', 14, '0.0', '0.0', '0.0', '0.0', '0.0', '0.0', '0.5', '18'),
('nba_317', 13, '0.0', '0.0', '0.0', '0.0', '0.7', '1.3', '0.3', '18'),
('nba_318', 12, '45.4', '82.4', '30.9', '23.2', '0.7', '4.1', '7.3', '19'),
('nba_319', 13, '48.8', '78.1', '37.5', '22.2', '1.2', '5.6', '2.0', '19'),
('nba_32', 5, '37.7', '80.0', '33.3', '4.3', '0.1', '1.1', '1.1', '2'),
('nba_320', 22, '48.4', '89.4', '39.2', '19.2', '0.9', '6.1', '5.3', '19'),
('nba_321', 7, '48.3', '69.1', '36.8', '12.5', '1.4', '6.4', '2.9', '19'),
('nba_322', 0, '42.5', '82.2', '35.2', '10.4', '1.1', '3.4', '1.7', '19'),
('nba_323', 1, '48.0', '71.3', '39.7', '9.9', '0.8', '3.3', '4.4', '19'),
('nba_324', 14, '58.0', '70.9', '34.6', '9.2', '3.5', '8.3', '1.0', '19'),
('nba_325', 10, '47.8', '89.5', '43.3', '8.9', '0.6', '2.8', '3.3', '19'),
('nba_326', 15, '62.1', '70.1', '5.9', '8.3', '2.0', '5.1', '1.0', '19'),
('nba_327', 45, '37.2', '72.5', '33.7', '7.2', '0.9', '3.2', '1.0', '19'),
('nba_328', 30, '51.5', '78.6', '40.5', '6.9', '0.5', '2.0', '0.6', '19'),
('nba_329', 5, '40.1', '79.2', '27.4', '6.6', '0.8', '3.6', '2.0', '19'),
('nba_33', 17, '80.0', '100.0', '50.0', '1.8', '0.2', '0.5', '1.0', '2'),
('nba_330', 8, '46.0', '72.7', '29.6', '4.4', '0.2', '2.2', '0.5', '19'),
('nba_331', 24, '41.5', '100.0', '36.5', '4.2', '0.5', '1.2', '1.4', '19'),
('nba_332', 35, '48.6', '66.7', '11.1', '3.6', '0.9', '2.3', '0.3', '19'),
('nba_333', 46, '45.1', '87.5', '37.1', '2.4', '0.8', '3.3', '0.9', '19'),
('nba_334', 17, '36.7', '77.8', '30.4', '1.6', '0.0', '0.5', '0.9', '19'),
('nba_335', 2, '0.0', '0.0', '0.0', '0.0', '0.0', '0.0', '0.0', '19'),
('nba_336', 1, '41.0', '87.4', '35.2', '22.8', '0.7', '5.8', '8.7', '20'),
('nba_337', 24, '48.4', '80.4', '41.8', '21.8', '0.4', '3.2', '2.1', '20'),
('nba_338', 2, '49.8', '81.0', '41.1', '21.5', '0.9', '5.9', '3.1', '20'),
('nba_339', 40, '62.8', '66.1', '0.0', '16.8', '3.8', '12.6', '2.7', '20'),
('nba_34', 32, '53.3', '100.0', '30.0', '1.8', '0.3', '0.8', '0.3', '2'),
('nba_340', 10, '47.4', '87.5', '42.7', '11.4', '0.4', '3.1', '3.2', '20'),
('nba_341', 55, '52.6', '70.3', '35.6', '10.1', '1.2', '3.4', '0.8', '20'),
('nba_342', 7, '47.1', '89.1', '40.9', '9.7', '0.4', '2.2', '1.1', '20'),
('nba_343', 8, '43.9', '68.2', '33.5', '6.4', '0.7', '3.4', '2.8', '20'),
('nba_344', 11, '43.3', '80.0', '21.1', '4.1', '0.6', '1.6', '0.9', '20'),
('nba_345', 33, '43.7', '81.0', '43.3', '4.0', '0.6', '2.8', '1.1', '20'),
('nba_346', 88, '50.0', '88.9', '50.0', '3.1', '0.1', '0.1', '0.4', '20'),
('nba_347', 23, '100.0', '0.0', '100.0', '3.0', '0.0', '1.5', '0.5', '20'),
('nba_348', 25, '43.4', '85.7', '0.0', '2.9', '0.9', '3.8', '3.1', '20'),
('nba_349', 15, '55.1', '78.6', '0.0', '2.7', '0.8', '2.4', '0.4', '20'),
('nba_35', 20, '50.0', '100.0', '0.0', '1.7', '0.7', '1.3', '0.3', '2'),
('nba_350', 21, '45.8', '71.4', '23.1', '1.9', '0.5', '1.6', '0.6', '20'),
('nba_351', 9, '36.4', '100.0', '0.0', '1.8', '0.2', '0.7', '0.0', '20'),
('nba_352', 12, '29.2', '50.0', '15.4', '1.4', '0.2', '0.9', '0.5', '20'),
('nba_353', 1, '42.6', '90.2', '36.3', '19.3', '0.4', '2.7', '4.8', '21'),
('nba_354', 17, '45.2', '78.5', '31.1', '18.5', '0.9', '4.5', '2.8', '21'),
('nba_355', 8, '47.6', '78.0', '36.5', '16.9', '1.5', '7.3', '3.9', '21'),
('nba_356', 2, '56.6', '66.7', '18.8', '14.4', '3.1', '10.2', '1.6', '21'),
('nba_357', 9, '37.3', '84.9', '36.5', '14.4', '0.6', '3.5', '2.1', '21'),
('nba_358', 0, '41.9', '76.7', '35.4', '12.7', '0.8', '3.0', '5.1', '21'),
('nba_359', 33, '45.8', '72.2', '37.5', '11.3', '2.2', '5.8', '2.2', '21'),
('nba_36', 34, '60.1', '61.7', '22.2', '30.4', '2.2', '11.9', '6.5', '3'),
('nba_360', 5, '39.1', '72.8', '32.4', '8.3', '0.4', '2.0', '2.4', '21'),
('nba_361', 4, '47.7', '46.7', '43.8', '7.5', '0.9', '3.5', '1.9', '21'),
('nba_362', 23, '53.9', '59.6', '28.6', '6.5', '3.2', '7.9', '1.1', '21'),
('nba_363', 35, '64.1', '88.2', '33.3', '5.8', '1.8', '5.9', '1.1', '21'),
('nba_364', 34, '51.5', '69.0', '38.9', '5.2', '1.0', '3.5', '0.6', '21'),
('nba_365', 26, '42.2', '90.9', '32.1', '4.2', '1.0', '2.0', '0.6', '21'),
('nba_366', 24, '41.9', '45.6', '22.5', '4.2', '1.1', '2.6', '1.0', '21'),
('nba_367', 21, '40.8', '76.7', '27.1', '3.0', '0.5', '1.3', '0.5', '21'),
('nba_368', 91, '33.3', '66.7', '0.0', '2.0', '1.0', '2.2', '1.8', '21'),
('nba_369', 11, '28.6', '83.3', '0.0', '1.0', '0.2', '0.2', '0.2', '21'),
('nba_37', 0, '44.8', '92.1', '37.6', '24.9', '0.5', '4.7', '7.1', '3'),
('nba_370', 10, '38.1', '0.0', '20.0', '0.9', '0.3', '0.5', '0.4', '21'),
('nba_371', 15, '57.6', '80.0', '41.7', '29.6', '2.9', '12.7', '10.2', '22'),
('nba_372', 27, '47.4', '88.6', '39.3', '21.4', '0.7', '3.9', '6.0', '22'),
('nba_373', 1, '50.4', '76.8', '39.5', '18.2', '1.8', '7.0', '2.1', '22'),
('nba_374', 0, '58.0', '82.7', '39.7', '15.4', '1.2', '5.2', '2.6', '22'),
('nba_375', 32, '53.1', '81.0', '43.6', '14.7', '1.6', '4.8', '3.2', '22'),
('nba_376', 4, '44.9', '66.1', '32.3', '13.3', '1.4', '4.9', '6.1', '22'),
('nba_377', 3, '43.2', '82.2', '34.9', '9.0', '0.3', '2.2', '1.3', '22'),
('nba_378', 8, '47.7', '69.3', '35.3', '8.1', '0.7', '3.4', '1.4', '22'),
('nba_379', 24, '42.8', '75.0', '39.6', '4.1', '0.3', '1.4', '2.2', '22'),
('nba_38', 18, '45.5', '66.3', '33.3', '14.5', '0.8', '5.6', '2.2', '3'),
('nba_380', 6, '65.0', '42.2', '0.0', '3.7', '1.5', '5.1', '0.9', '22'),
('nba_381', 9, '36.2', '70.0', '26.9', '3.5', '0.9', '3.1', '1.4', '22'),
('nba_382', 22, '49.6', '61.4', '32.7', '3.2', '0.6', '1.6', '0.4', '22'),
('nba_383', 5, '37.5', '75.0', '31.1', '2.6', '0.5', '1.5', '0.4', '22'),
('nba_384', 31, '38.5', '0.0', '26.7', '1.8', '0.5', '2.5', '0.7', '22'),
('nba_385', 13, '58.3', '75.0', '25.0', '1.7', '0.3', '1.2', '0.2', '22'),
('nba_386', 21, '32.4', '100.0', '5.9', '1.3', '0.4', '0.9', '0.3', '22'),
('nba_387', 23, '31.7', '75.0', '17.6', '1.3', '0.0', '0.5', '0.5', '22'),
('nba_388', 30, '44.8', '93.3', '39.7', '24.5', '0.6', '4.4', '6.0', '23'),
('nba_389', 10, '47.6', '87.0', '27.9', '17.9', '2.3', '5.5', '5.9', '23'),
('nba_39', 9, '46.6', '83.6', '36.5', '13.9', '1.8', '8.4', '2.1', '3'),
('nba_390', 0, '45.4', '66.8', '30.5', '15.3', '1.2', '4.6', '2.2', '23'),
('nba_391', 2, '44.5', '75.8', '37.2', '11.7', '1.0', '5.1', '3.4', '23'),
('nba_392', 7, '41.7', '82.8', '37.0', '11.1', '0.6', '3.2', '1.6', '23'),
('nba_393', 4, '43.3', '79.7', '37.4', '9.8', '0.7', '2.6', '1.3', '23'),
('nba_394', 23, '42.4', '68.7', '32.5', '9.0', '1.1', '6.1', '5.6', '23'),
('nba_395', 21, '44.9', '77.8', '40.8', '8.1', '0.8', '3.5', '1.3', '23'),
('nba_396', 32, '57.6', '57.8', '0.0', '6.6', '2.0', '5.0', '1.7', '23'),
('nba_397', 0, '57.4', '71.1', '32.6', '6.5', '0.9', '3.0', '1.3', '23'),
('nba_398', 5, '51.4', '56.6', '40.0', '4.5', '2.4', '6.1', '1.6', '23'),
('nba_399', 15, '45.8', '69.0', '33.0', '4.1', '1.3', '3.1', '1.4', '23'),
('nba_4', 20, '46.0', '87.5', '38.3', '15.3', '0.6', '2.4', '2.6', '1'),
('nba_40', 11, '50.9', '82.6', '37.3', '13.0', '1.4', '5.0', '1.8', '3'),
('nba_400', 44, '47.1', '50.0', '30.0', '3.7', '0.5', '1.8', '0.7', '23'),
('nba_401', 31, '50.0', '75.0', '26.7', '3.3', '0.5', '1.2', '0.4', '23'),
('nba_402', 61, '40.6', '73.3', '22.7', '2.5', '0.4', '1.2', '1.2', '23'),
('nba_403', 12, '0.0', '50.0', '0.0', '1.0', '0.3', '0.7', '0.0', '23'),
('nba_404', 1, '47.6', '83.6', '35.2', '24.3', '1.8', '11.0', '3.7', '24'),
('nba_405', 4, '44.6', '81.9', '27.4', '19.7', '0.5', '4.3', '6.8', '24'),
('nba_406', 24, '44.3', '79.2', '36.8', '16.3', '0.5', '4.0', '2.9', '24'),
('nba_407', 5, '42.8', '72.4', '28.5', '14.7', '1.1', '3.7', '4.1', '24'),
('nba_408', 0, '48.2', '77.3', '31.8', '12.7', '1.5', '4.8', '1.6', '24'),
('nba_409', 40, '50.8', '80.9', '43.3', '12.3', '1.2', '3.8', '1.7', '24'),
('nba_41', 3, '49.4', '87.1', '40.8', '11.7', '0.4', '3.9', '3.7', '3'),
('nba_410', 10, '53.5', '69.6', '30.8', '11.4', '2.4', '6.5', '2.4', '24'),
('nba_411', 30, '41.5', '90.4', '37.1', '9.9', '0.8', '3.9', '1.4', '24'),
('nba_412', 3, '42.7', '92.4', '37.7', '8.8', '0.4', '3.6', '7.4', '24'),
('nba_413', 54, '50.2', '74.1', '37.3', '6.3', '1.0', '3.1', '0.8', '24'),
('nba_414', 18, '58.8', '40.0', '0.0', '5.1', '1.5', '5.6', '1.1', '24'),
('nba_415', 22, '45.8', '81.8', '40.5', '5.0', '0.1', '1.1', '0.8', '24'),
('nba_416', 28, '58.1', '63.6', '0.0', '4.4', '1.6', '4.2', '0.5', '24'),
('nba_417', 14, '43.5', '62.3', '29.3', '3.7', '0.3', '1.1', '2.0', '24'),
('nba_418', 7, '42.9', '50.0', '50.0', '2.7', '0.2', '0.8', '0.7', '24'),
('nba_419', 11, '53.6', '100.0', '45.0', '2.5', '0.1', '0.5', '1.5', '24'),
('nba_42', 5, '43.1', '84.8', '41.6', '11.1', '0.3', '2.3', '1.2', '3'),
('nba_420', 55, '50.0', '0.0', '0.0', '0.8', '0.4', '1.8', '0.6', '24'),
('nba_421', 27, '0.0', '0.0', '0.0', '0.0', '0.0', '2.0', '0.0', '24'),
('nba_422', 8, '51.1', '87.4', '44.6', '22.4', '0.3', '3.5', '3.8', '25'),
('nba_423', 10, '47.7', '85.7', '32.8', '22.2', '0.6', '3.9', '4.4', '25'),
('nba_424', 11, '59.0', '75.4', '41.7', '19.1', '3.8', '13.9', '6.0', '25'),
('nba_425', 0, '43.9', '86.5', '32.5', '17.2', '0.5', '3.8', '5.6', '25'),
('nba_426', 13, '44.4', '83.3', '34.3', '12.4', '1.9', '6.7', '1.4', '25'),
('nba_427', 17, '55.6', '84.7', '10.0', '8.7', '2.2', '7.0', '1.8', '25'),
('nba_428', 23, '48.9', '84.9', '43.3', '8.3', '0.8', '2.7', '1.5', '25'),
('nba_429', 41, '42.0', '70.0', '34.0', '6.5', '1.2', '4.6', '1.2', '25'),
('nba_43', 12, '45.7', '81.3', '43.9', '8.2', '0.4', '3.6', '1.9', '3'),
('nba_430', 33, '43.8', '57.9', '38.5', '6.1', '1.2', '2.8', '1.3', '25'),
('nba_431', 22, '37.0', '59.1', '29.5', '3.8', '0.5', '2.1', '1.1', '25'),
('nba_432', 7, '42.7', '60.0', '43.6', '3.5', '0.1', '0.5', '0.2', '25'),
('nba_433', 3, '65.1', '63.9', '37.5', '3.4', '0.6', '1.4', '0.3', '25'),
('nba_434', 20, '41.8', '100.0', '50.0', '2.9', '0.3', '1.0', '1.3', '25'),
('nba_435', 99, '31.8', '83.3', '26.7', '2.6', '0.7', '2.2', '0.7', '25'),
('nba_436', 15, '50.0', '80.0', '12.5', '2.3', '0.2', '0.9', '1.1', '25'),
('nba_437', 24, '45.5', '50.0', '20.0', '0.9', '0.1', '0.5', '0.1', '25'),
('nba_438', 9, '0.0', '0.0', '0.0', '0.0', '0.0', '1.0', '1.0', '25'),
('nba_439', 77, '43.8', '79.1', '37.9', '28.2', '0.9', '8.1', '7.5', '26'),
('nba_44', 20, '42.9', '81.5', '42.7', '7.4', '0.2', '2.4', '1.5', '3'),
('nba_440', 23, '51.3', '78.2', '37.6', '24.4', '1.0', '7.8', '8.2', '26'),
('nba_441', 15, '46.0', '87.7', '37.7', '20.2', '0.8', '4.5', '5.8', '26'),
('nba_442', 28, '50.9', '77.0', '41.3', '13.1', '1.3', '5.0', '1.4', '26'),
('nba_443', 4, '46.1', '76.2', '37.6', '9.1', '0.5', '2.8', '0.8', '26'),
('nba_444', 17, '44.2', '71.4', '39.8', '7.9', '1.1', '3.6', '1.4', '26'),
('nba_445', 11, '72.2', '62.2', '0.0', '6.8', '1.4', '4.8', '1.0', '26'),
('nba_446', 7, '40.0', '71.4', '35.3', '6.4', '0.3', '1.3', '1.4', '26'),
('nba_447', 30, '43.8', '81.8', '38.2', '5.6', '1.3', '3.9', '1.4', '26'),
('nba_448', 88, '33.3', '83.3', '30.4', '5.5', '0.4', '1.9', '2.1', '26'),
('nba_449', 2, '48.8', '55.6', '28.1', '4.1', '1.9', '5.1', '1.1', '26'),
('nba_45', 13, '48.7', '80.0', '40.8', '6.2', '0.4', '1.9', '1.9', '3'),
('nba_450', 20, '43.3', '84.6', '29.4', '3.9', '0.5', '1.8', '1.3', '26'),
('nba_451', 55, '61.9', '41.7', '0.0', '2.6', '1.0', '2.8', '0.3', '26'),
('nba_452', 10, '60.6', '71.4', '0.0', '2.4', '0.9', '2.5', '0.4', '26'),
('nba_453', 9, '31.3', '78.6', '28.1', '2.3', '0.1', '0.7', '0.8', '26'),
('nba_454', 27, '45.5', '25.0', '33.3', '2.2', '1.3', '3.1', '0.8', '26'),
('nba_455', 2, '51.9', '89.8', '37.5', '32.7', '0.9', '5.0', '6.4', '27'),
('nba_456', 8, '48.4', '78.9', '36.5', '21.6', '0.9', '5.3', '5.1', '27'),
('nba_457', 7, '49.0', '75.4', '37.9', '15.0', '1.5', '8.0', '2.0', '27'),
('nba_458', 21, '48.8', '83.1', '38.3', '12.0', '1.1', '3.9', '1.8', '27'),
('nba_459', 55, '58.1', '67.5', '0.0', '11.2', '2.9', '10.7', '3.8', '27'),
('nba_46', 24, '46.9', '77.4', '32.1', '5.3', '0.5', '2.7', '1.7', '3'),
('nba_460', 11, '44.0', '82.1', '41.2', '10.2', '0.6', '2.6', '1.6', '27'),
('nba_461', 5, '43.5', '71.7', '41.2', '10.1', '1.3', '4.1', '1.6', '27'),
('nba_462', 22, '47.4', '81.1', '35.6', '8.4', '1.0', '3.4', '2.5', '27'),
('nba_463', 9, '44.6', '82.4', '35.3', '7.1', '0.7', '2.9', '2.5', '27'),
('nba_464', 25, '49.5', '82.9', '38.3', '6.5', '0.5', '1.9', '1.8', '27'),
('nba_465', 34, '48.3', '71.8', '38.6', '6.3', '0.9', '3.5', '1.4', '27'),
('nba_466', 6, '43.9', '76.7', '39.9', '5.9', '1.0', '5.6', '2.6', '27'),
('nba_467', 13, '43.2', '68.8', '32.4', '3.8', '0.5', '2.2', '0.8', '27'),
('nba_468', 15, '44.3', '77.8', '33.3', '3.8', '0.5', '1.7', '0.4', '27'),
('nba_469', 3, '38.3', '60.7', '25.4', '2.5', '0.6', '2.2', '1.1', '27'),
('nba_47', 35, '52.9', '0.0', '41.7', '3.8', '0.5', '1.8', '1.2', '3'),
('nba_470', 14, '26.0', '50.0', '19.4', '1.8', '0.2', '0.7', '0.3', '27'),
('nba_471', 88, '40.0', '100.0', '47.6', '1.7', '0.4', '1.2', '0.2', '27'),
('nba_472', 11, '47.3', '91.6', '40.1', '24.7', '1.2', '4.8', '4.6', '28'),
('nba_473', 3, '46.1', '68.8', '23.3', '20.0', '1.7', '10.1', '4.4', '28'),
('nba_474', 25, '45.3', '72.2', '38.1', '14.7', '1.4', '7.8', '2.3', '28'),
('nba_475', 31, '41.2', '90.5', '39.1', '14.0', '0.6', '3.4', '2.0', '28'),
('nba_476', 13, '50.8', '81.3', '27.5', '13.2', '1.1', '4.8', '3.0', '28'),
('nba_477', 21, '70.2', '68.9', '0.0', '12.3', '2.7', '6.8', '1.4', '28'),
('nba_478', 23, '83.6', '70.0', '33.3', '11.4', '2.1', '6.6', '1.3', '28'),
('nba_479', 0, '41.1', '86.2', '36.4', '11.2', '0.4', '4.2', '2.5', '28'),
('nba_48', 15, '50.0', '66.7', '20.0', '3.4', '0.2', '1.0', '2.0', '3'),
('nba_480', 26, '41.6', '80.2', '33.4', '11.0', '0.2', '2.6', '4.4', '28'),
('nba_481', 0, '47.8', '74.2', '43.4', '8.7', '0.2', '1.7', '2.8', '28'),
('nba_482', 1, '43.5', '69.8', '38.6', '8.7', '0.2', '1.6', '1.4', '28'),
('nba_483', 2, '70.2', '63.0', '0.0', '8.7', '2.9', '7.5', '2.4', '28'),
('nba_484', 10, '52.1', '83.3', '40.0', '8.3', '0.4', '1.8', '2.3', '28'),
('nba_485', 16, '38.9', '62.5', '25.0', '5.4', '0.7', '2.9', '1.9', '28'),
('nba_486', 20, '49.6', '92.3', '40.7', '4.2', '0.6', '2.9', '1.1', '28'),
('nba_487', 8, '40.2', '64.5', '23.5', '3.9', '0.8', '2.4', '0.8', '28'),
('nba_488', 7, '68.9', '65.1', '40.0', '2.1', '0.9', '2.1', '1.0', '28'),
('nba_489', 20, '52.7', '84.8', '39.9', '19.0', '2.2', '8.2', '2.0', '29'),
('nba_49', 44, '47.7', '50.0', '39.5', '3.4', '1.0', '2.7', '1.2', '3'),
('nba_490', 23, '42.3', '87.6', '34.6', '19.0', '1.5', '5.9', '1.5', '29'),
('nba_491', 2, '48.0', '86.5', '40.6', '18.4', '1.0', '2.7', '4.2', '29'),
('nba_492', 3, '39.1', '81.8', '34.3', '16.8', '0.4', '3.8', '5.6', '29'),
('nba_493', 0, '40.8', '79.7', '36.2', '16.2', '0.7', '3.2', '3.7', '29'),
('nba_494', 24, '66.3', '52.0', '17.6', '11.1', '4.6', '12.2', '1.7', '29'),
('nba_495', 28, '45.9', '89.0', '42.2', '10.9', '0.6', '3.0', '1.5', '29'),
('nba_496', 22, '50.2', '65.0', '35.0', '9.6', '1.6', '6.1', '1.9', '29'),
('nba_497', 33, '42.9', '84.9', '37.6', '8.9', '0.7', '2.9', '1.1', '29'),
('nba_498', 19, '39.1', '80.0', '34.5', '8.8', '0.6', '2.4', '2.0', '29'),
('nba_499', 13, '42.2', '68.2', '24.9', '8.7', '0.5', '3.3', '6.3', '29'),
('nba_5', 9, '47.0', '75.1', '29.3', '15.1', '1.6', '6.1', '1.8', '1'),
('nba_50', 21, '48.0', '75.0', '43.3', '2.9', '0.3', '1.1', '0.2', '3'),
('nba_500', 34, '60.0', '74.2', '0.0', '7.6', '3.3', '8.7', '0.6', '29'),
('nba_501', 99, '49.0', '72.2', '18.9', '6.3', '0.5', '2.8', '1.5', '29'),
('nba_502', 0, '22.2', '75.0', '25.0', '4.7', '1.7', '5.0', '0.7', '29'),
('nba_503', 5, '32.3', '72.5', '25.9', '4.6', '0.5', '2.3', '1.2', '29'),
('nba_504', 25, '42.2', '85.0', '31.6', '4.3', '1.1', '4.3', '0.8', '29'),
('nba_505', 11, '41.1', '70.6', '20.7', '3.8', '0.8', '2.0', '1.4', '29'),
('nba_506', 16, '31.4', '50.0', '28.0', '3.2', '0.9', '2.1', '0.8', '29'),
('nba_507', 1, '56.7', '65.6', '23.1', '24.6', '2.5', '7.2', '5.3', '30'),
('nba_508', 25, '45.4', '88.7', '36.1', '21.2', '0.9', '5.1', '3.5', '30'),
('nba_509', 3, '44.4', '71.7', '37.3', '21.1', '0.8', '3.8', '4.1', '30'),
('nba_51', 0, '68.0', '0.0', '0.0', '2.4', '1.4', '4.9', '0.8', '3'),
('nba_510', 5, '39.3', '82.3', '29.9', '17.5', '0.5', '6.5', '7.4', '30'),
('nba_511', 24, '37.2', '81.6', '33.1', '10.8', '0.4', '2.8', '1.2', '30'),
('nba_512', 11, '43.6', '78.8', '35.0', '10.7', '0.7', '3.2', '2.2', '30'),
('nba_513', 13, '50.0', '75.4', '38.9', '10.7', '1.9', '5.9', '3.6', '30'),
('nba_514', 15, '39.2', '81.1', '35.9', '10.3', '0.5', '2.4', '4.6', '30'),
('nba_515', 2, '43.6', '82.5', '30.6', '10.3', '1.1', '3.9', '3.3', '30'),
('nba_516', 0, '48.6', '73.3', '32.6', '10.1', '0.9', '4.1', '0.9', '30'),
('nba_517', 21, '54.7', '62.3', '0.0', '9.1', '3.5', '8.2', '1.4', '30'),
('nba_518', 22, '38.6', '83.3', '31.7', '8.6', '0.1', '1.7', '2.6', '30'),
('nba_519', 0, '41.0', '75.0', '35.6', '8.2', '1.0', '4.2', '2.4', '30'),
('nba_52', 7, '33.3', '75.0', '0.0', '1.4', '0.5', '1.7', '0.2', '3'),
('nba_520', 17, '57.4', '77.3', '31.8', '7.7', '1.5', '5.0', '1.1', '30'),
('nba_521', 12, '45.6', '80.0', '39.5', '6.9', '0.4', '1.4', '0.9', '30'),
('nba_522', 50, '45.5', '83.6', '34.1', '6.3', '1.7', '4.8', '1.3', '30'),
('nba_523', 8, '43.0', '68.0', '32.5', '5.3', '0.7', '2.3', '0.6', '30'),
('nba_524', 4, '36.6', '57.1', '16.7', '4.4', '0.8', '3.7', '8.1', '30'),
('nba_53', 17, '19.2', '50.0', '20.0', '0.7', '0.2', '0.8', '0.2', '3'),
('nba_54', 11, '48.8', '82.1', '38.3', '26.0', '0.4', '2.9', '7.3', '4'),
('nba_55', 32, '52.6', '82.9', '42.0', '24.4', '2.9', '12.8', '3.1', '4'),
('nba_56', 8, '47.6', '81.0', '37.2', '18.0', '1.3', '4.8', '2.2', '4'),
('nba_57', 25, '50.0', '81.4', '35.4', '17.6', '0.9', '3.2', '3.7', '4'),
('nba_58', 3, '52.5', '77.6', '33.3', '13.6', '2.1', '9.6', '5.9', '4'),
('nba_59', 2, '40.6', '81.3', '36.9', '9.5', '0.7', '2.5', '2.9', '4'),
('nba_6', 16, '42.0', '80.0', '35.4', '12.4', '0.3', '3.2', '2.5', '1'),
('nba_60', 1, '40.1', '90.7', '36.3', '6.9', '0.2', '1.4', '2.8', '4'),
('nba_61', 5, '50.2', '59.4', '27.8', '6.6', '1.8', '5.6', '1.0', '4'),
('nba_62', 44, '46.1', '66.7', '39.7', '5.7', '0.2', '1.2', '0.5', '4'),
('nba_63', 23, '66.1', '68.4', '0.0', '5.1', '3.1', '5.9', '0.8', '4'),
('nba_64', 0, '46.9', '66.7', '33.3', '4.3', '0.9', '1.4', '2.1', '4'),
('nba_65', 17, '42.9', '0.0', '50.0', '3.0', '1.3', '2.7', '0.0', '4'),
('nba_66', 14, '45.5', '100.0', '20.0', '2.5', '0.3', '1.5', '0.2', '4'),
('nba_67', 13, '32.9', '76.5', '29.8', '2.0', '0.2', '0.7', '1.7', '4'),
('nba_68', 55, '67.7', '46.2', '0.0', '1.9', '0.6', '2.0', '0.4', '4'),
('nba_69', 4, '32.3', '66.7', '31.6', '1.7', '0.2', '1.0', '0.3', '4'),
('nba_7', 12, '42.6', '87.0', '35.2', '11.5', '0.4', '2.5', '4.9', '1'),
('nba_70', 9, '28.6', '100.0', '0.0', '1.5', '0.0', '2.0', '0.5', '4'),
('nba_71', 21, '44.4', '0.0', '0.0', '0.9', '0.1', '0.3', '0.2', '4'),
('nba_72', 11, '41.1', '87.5', '34.0', '24.2', '0.5', '3.1', '11.6', '5'),
('nba_73', 1, '50.0', '74.6', '31.2', '18.9', '1.7', '10.0', '5.0', '5'),
('nba_74', 0, '50.0', '0.0', '62.5', '17.0', '1.0', '4.0', '2.0', '5'),
('nba_75', 3, '48.2', '72.2', '33.8', '14.9', '0.7', '3.7', '2.9', '5'),
('nba_76', 5, '49.3', '59.3', '34.0', '14.1', '1.6', '5.9', '4.4', '5'),
('nba_77', 17, '56.7', '75.9', '32.4', '13.4', '3.0', '8.9', '2.3', '5'),
('nba_78', 10, '45.8', '71.1', '35.5', '12.6', '1.1', '3.6', '1.2', '5'),
('nba_79', 20, '44.1', '79.3', '41.3', '12.1', '0.5', '3.0', '1.6', '5'),
('nba_8', 28, '50.1', '72.5', '38.0', '11.0', '1.9', '5.6', '2.1', '1'),
('nba_80', 14, '54.1', '66.7', '38.6', '9.8', '1.2', '3.1', '2.1', '5'),
('nba_81', 15, '55.9', '53.6', '0.0', '8.9', '3.2', '8.5', '1.1', '5'),
('nba_82', 22, '51.6', '69.2', '44.7', '8.5', '1.0', '4.3', '1.6', '5'),
('nba_83', 24, '39.7', '82.1', '39.0', '7.5', '0.3', '1.9', '1.3', '5'),
('nba_84', 27, '49.7', '71.1', '43.7', '7.2', '0.4', '2.7', '2.6', '5'),
('nba_85', 29, '64.0', '100.0', '52.9', '7.2', '0.7', '1.8', '0.3', '5'),
('nba_86', 18, '42.1', '76.2', '25.9', '6.0', '1.3', '4.2', '0.8', '5'),
('nba_87', 2, '40.1', '100.0', '32.9', '5.4', '0.2', '1.6', '2.6', '5'),
('nba_88', 4, '38.3', '72.2', '21.1', '5.3', '0.5', '2.1', '1.7', '5'),
('nba_89', 0, '53.1', '63.6', '25.9', '4.2', '1.0', '2.4', '0.5', '5'),
('nba_9', 19, '45.5', '69.6', '36.3', '10.1', '1.0', '3.4', '1.6', '1'),
('nba_90', 13, '43.2', '88.3', '37.8', '20.5', '0.5', '3.0', '4.5', '6'),
('nba_91', 20, '39.4', '67.9', '30.8', '13.0', '1.9', '6.5', '2.4', '6'),
('nba_92', 15, '43.3', '88.0', '28.6', '12.7', '0.9', '3.8', '4.1', '6'),
('nba_93', 0, '42.1', '74.6', '28.1', '12.3', '1.5', '5.0', '3.4', '6'),
('nba_94', 24, '45.1', '85.2', '36.4', '11.6', '0.6', '3.0', '1.7', '6'),
('nba_95', 32, '41.3', '86.8', '27.7', '10.7', '0.6', '3.7', '3.4', '6'),
('nba_96', 8, '40.1', '81.2', '33.9', '9.8', '0.4', '4.2', '4.4', '6'),
('nba_97', 0, '49.6', '77.6', '37.3', '9.4', '0.7', '3.7', '1.1', '6'),
('nba_98', 36, '44.0', '68.6', '39.2', '9.3', '0.3', '1.9', '2.5', '6'),
('nba_99', 5, '38.1', '88.6', '24.7', '9.1', '0.4', '2.4', '3.1', '6');

-- --------------------------------------------------------

--
-- 資料表結構 `nba_teams`
--

CREATE TABLE `nba_teams` (
  `team_id` char(2) NOT NULL,
  `team_name` varchar(50) NOT NULL,
  `abbr` varchar(10) NOT NULL,
  `city` varchar(50) NOT NULL,
  `arena` varchar(50) NOT NULL
) ENGINE=InnoDB DEFAULT CHARSET=utf8 COLLATE=utf8_unicode_520_ci;

--
-- 傾印資料表的資料 `nba_teams`
--

INSERT INTO `nba_teams` (`team_id`, `team_name`, `abbr`, `city`, `arena`) VALUES
('1', 'Boston Celtics', 'BOS', 'Boston, Massachusetts', 'TD Garden'),
('10', 'Milwaukee Bucks', 'MIL', 'Milwaukee, Wisconsin', 'Fiserv Forum'),
('11', 'Atlanta Hawks', 'ATL', 'Atlanta, Georgia', 'State Farm Arena'),
('12', 'Charlotte Hornets', 'CHA', 'Charlotte, North Carolina', 'Spectrum Center'),
('13', 'Miami Heat', 'MIA', 'Miami, Florida', 'Kaseya Center'),
('14', 'Orlando Magic', 'ORL', 'Orlando, Florida', 'Kia Center'),
('15', 'Washington Wizards', 'WAS', 'Washington, D.C.', 'Capital One Arena'),
('16', 'Denver Nuggets', 'DEN', 'Denver, Colorado', 'Ball Arena'),
('17', 'Minnesota Timberwolves', 'MIN', 'Minneapolis, Minnesota', 'Target Center'),
('18', 'Oklahoma City Thunder', 'OKC', 'Oklahoma City, Oklahoma', 'Paycom Center'),
('19', 'Portland Trail Blazers', 'POR', 'Portland, Oregon', 'Moda Center'),
('2', 'Brooklyn Nets', 'BKN', 'Brooklyn, New York', 'Barclays Center'),
('20', 'Utah Jazz', 'UTA', 'Salt Lake City, Utah', 'Delta Center'),
('21', 'Golden State Warriors', 'GSW', 'San Francisco, California', 'Chase Center'),
('22', 'Los Angeles Clippers', 'LAC', 'Inglewood, California', 'Intuit Dome'),
('23', 'Los Angeles Lakers', 'LAL', 'Los Angeles, California', 'Crypto.com Arena'),
('24', 'Phoenix Suns', 'PHX', 'Phoenix, Arizona', 'PHX Arena'),
('25', 'Sacramento Kings', 'SAC', 'Sacramento, California', 'Golden 1 Center'),
('26', 'Dallas Mavericks', 'DAL', 'Dallas, Texas', 'American Airlines Center'),
('27', 'Houston Rockets', 'HOU', 'Houston, Texas', 'Toyota Center'),
('28', 'Memphis Grizzlies', 'MEM', 'Memphis, Tennessee', 'FedExForum'),
('29', 'New Orleans Pelicans', 'NOP', 'New Orleans, Louisiana', 'Smoothie King Center'),
('3', 'New York Knicks', 'NYK', 'New York, New York', 'Madison Square Garden'),
('30', 'San Antonio Spurs', 'SAS', 'San Antonio, Texas', 'Frost Bank Center'),
('4', 'Philadelphia 76ers', 'PHI', 'Philadelphia, Pennsylvania', 'Wells Fargo Center'),
('5', 'Toronto Raptors', 'TOR', 'Toronto, Ontario', 'Scotiabank Arena'),
('6', 'Chicago Bulls', 'CHI', 'Chicago, Illinois', 'United Center'),
('7', 'Cleveland Cavaliers', 'CLE', 'Cleveland, Ohio', 'Rocket Arena'),
('8', 'Detroit Pistons', 'DET', 'Detroit, Michigan', 'Little Caesars Arena'),
('9', 'Indiana Pacers', 'IND', 'Indianapolis, Indiana', 'Gainbridge Fieldhouse');

-- --------------------------------------------------------

--
-- 資料表結構 `platforms`
--

CREATE TABLE `platforms` (
  `platform_id` int(3) NOT NULL,
  `name` varchar(50) DEFAULT NULL,
  `price` varchar(10) DEFAULT NULL,
  `link` varchar(100) DEFAULT NULL
) ENGINE=InnoDB DEFAULT CHARSET=utf8 COLLATE=utf8_unicode_520_ci;

--
-- 傾印資料表的資料 `platforms`
--

INSERT INTO `platforms` (`platform_id`, `name`, `price`, `link`) VALUES
(1, 'ESPN', '17.1', 'https://www.espn.com/'),
(2, 'ELTA 愛爾達', '21.3', 'https://eltaott.tv/'),
(3, 'Hami Video', '2.6', 'https://hamivideo.hinet.net/index.do'),
(4, 'LINE TODAY', '17', 'https://today.line.me/tw/v3/tab'),
(5, 'YouTube Sports', '15.7', 'https://www.youtube.com/channel/UCEgdi0XIXXZ-qJOFPf4JSKw');

-- --------------------------------------------------------

--
-- 資料表結構 `players`
--

CREATE TABLE `players` (
  `player_id` varchar(10) NOT NULL,
  `sport_type` int(11) NOT NULL,
  `name` varchar(50) DEFAULT NULL,
  `nationality` varchar(50) DEFAULT NULL,
  `age` int(11) DEFAULT NULL
) ENGINE=InnoDB DEFAULT CHARSET=utf8 COLLATE=utf8_unicode_520_ci;

--
-- 傾印資料表的資料 `players`
--

INSERT INTO `players` (`player_id`, `sport_type`, `name`, `nationality`, `age`) VALUES
('bs_0', 3, 'John Smith', 'USA', 25),
('bs_1', 4, 'Carlos Rivera', 'Mexico', 28),
('bs_10', 3, 'Igor Petrov', 'Russia', 33),
('bs_11', 4, 'Mateo Lopez', 'Argentina', 25),
('bs_12', 3, 'Ali Hassan', 'Saudi Arabia', 28),
('bs_13', 4, 'Niko Novak', 'Croatia', 24),
('bs_14', 3, 'Kevin Liu', 'Hong Kong', 26),
('bs_15', 4, 'Johan Eriksson', 'Sweden', 32),
('bs_16', 3, 'Andres Torres', 'Colombia', 27),
('bs_17', 4, 'Tom Müller', 'Germany', 30),
('bs_18', 3, 'Oscar Perez', 'Spain', 21),
('bs_19', 4, 'Samuel Brown', 'UK', 34),
('bs_2', 3, 'Takashi Yamamoto', 'Japan', 24),
('bs_3', 4, 'Luca Bianchi', 'Italy', 30),
('bs_4', 3, 'Chen Wei', 'Taiwan', 27),
('bs_5', 4, 'Alex Johnson', 'Canada', 22),
('bs_6', 3, 'Mohammed Salah', 'Egypt', 29),
('bs_7', 4, 'Pierre Dubois', 'France', 26),
('bs_8', 3, 'David Kim', 'South Korea', 23),
('bs_9', 4, 'Ryan Wilson', 'Australia', 31),
('bwf_0', 5, 'Carolina MARIN', 'Spain', 31),
('bwf_1', 5, 'Viktor AXELSEN', 'Denmark', 31),
('bwf_10', 5, 'Seung Jae SEO', 'Korea', 27),
('bwf_11', 5, 'Jonatan CHRISTIE', 'Indonesia', 27),
('bwf_12', 5, 'Min Hyuk KANG', 'Korea', 26),
('bwf_13', 5, 'Yu Fei CHEN', 'China', 27),
('bwf_14', 5, 'Si Wei ZHENG', 'China', 28),
('bwf_15', 5, 'Se Young AN', 'Korea', 23),
('bwf_16', 5, 'Wei Keng LIANG', 'China', 24),
('bwf_17', 5, 'So Hee LEE', 'Korea', 30),
('bwf_18', 5, 'Anders ANTONSEN', 'Denmark', 28),
('bwf_19', 5, 'Qing Chen CHEN', 'China', 27),
('bwf_2', 5, 'Chang WANG', 'China', 24),
('bwf_3', 5, 'Ha Na BAEK', 'Korea', 24),
('bwf_4', 5, 'Yu Qi SHI', 'China', 29),
('bwf_5', 5, 'Tzu Ying TAI', 'Chinese Taipei', 30),
('bwf_6', 5, 'Kodai NARAOKA', 'Japan', NULL),
('bwf_7', 5, 'Ya Qiong HUANG', 'China', 31),
('bwf_8', 5, 'Yi Fan JIA', 'China', 27),
('bwf_9', 5, 'Yan Zhe FENG', 'China', 24),
('f1_0', 2, 'Fernando Verstappen', 'France', 21),
('f1_1', 2, 'Charles Alonso', 'France', 33),
('f1_10', 2, 'Fernando Perez', 'Mexico', 24),
('f1_11', 2, 'Sergio Russell', 'Spain', 23),
('f1_12', 2, 'Lando Leclerc', 'Mexico', 29),
('f1_13', 2, 'Lando Piastri', 'Mexico', 35),
('f1_14', 2, 'Lewis Alonso', 'Japan', 24),
('f1_15', 2, 'Max Sainz', 'France', 21),
('f1_16', 2, 'Carlos Alonso', 'France', 26),
('f1_17', 2, 'Sergio Russell', 'France', 38),
('f1_18', 2, 'Yuki Perez', 'Germany', 22),
('f1_19', 2, 'Yuki Verstappen', 'Mexico', 38),
('f1_2', 2, 'Yuki Alonso', 'Netherlands', 20),
('f1_3', 2, 'Carlos Perez', 'Italy', 26),
('f1_4', 2, 'Yuki Piastri', 'UK', 37),
('f1_5', 2, 'Charles Norris', 'UK', 32),
('f1_6', 2, 'Sergio Leclerc', 'Italy', 26),
('f1_7', 2, 'Lewis Tsunoda', 'Netherlands', 26),
('f1_8', 2, 'Sergio Hamilton', 'France', 30),
('f1_9', 2, 'Charles Hamilton', 'Italy', 21),
('nba_0', 1, 'Tyrese Maxey', 'Dallas, Texas', 24),
('nba_1', 1, 'Joel Embiid', 'Yaounde, Cameroon', 31),
('nba_10', 1, 'Jalen Hood-Schifino', 'Pittsburgh, United States', 21),
('nba_100', 1, 'Justin Champagnie', 'Staten Island, New York', 23),
('nba_101', 1, 'Kyshawn George', 'Monthey, Switzerland', 21),
('nba_102', 1, 'Colby Jones', 'Birmingham, United States', 22),
('nba_103', 1, 'Richaun Holmes', 'Lockport, Illinois', 31),
('nba_104', 1, 'Jaylen Martin', 'Tallahassee, United States', 21),
('nba_105', 1, 'JT Thor', 'Omaha, Nebraska', 22),
('nba_106', 1, 'Anthony Gill', 'High Point, Virginia', 32),
('nba_107', 1, 'Cade Cunningham', 'Arlington, Texas', 23),
('nba_108', 1, 'Jaden Ivey', 'South Bend, Indiana', 23),
('nba_109', 1, 'Malik Beasley', 'Atlanta, Georgia', 28),
('nba_11', 1, 'Ricky Council IV', 'Durham, United States', 23),
('nba_110', 1, 'Tolu Smith III', 'Bay St. Louis, United States', 24),
('nba_111', 1, 'Tobias Harris', 'Islip, New York', 32),
('nba_112', 1, 'Jalen Duren', 'New Castle, Delaware', 21),
('nba_113', 1, 'Tim Hardaway Jr.', 'Alameda, California', 33),
('nba_114', 1, 'Dennis Schröder', 'Braunschweig, Germany', 31),
('nba_115', 1, 'Ausar Thompson', 'Oakland, United States', 22),
('nba_116', 1, 'Marcus Sasser', 'Dallas, United States', 24),
('nba_117', 1, 'Ron Holland II', 'Duncanville, United States', 19),
('nba_118', 1, 'Isaiah Stewart', 'Rochester, New York', 23),
('nba_119', 1, 'Simone Fontecchio', 'Pescara, Italy', 29),
('nba_12', 1, 'Andre Drummond', 'Mount Vernon, New York', 31),
('nba_120', 1, 'Paul Reed', 'Orlando, Florida', 25),
('nba_121', 1, 'Ron Harper Jr.', 'Paterson, New Jersey', 25),
('nba_122', 1, 'Lindy Waters III', 'Norman, Oklahoma', 27),
('nba_123', 1, 'Bobi Klintman', 'Malmo, Sweden', 22),
('nba_124', 1, 'Daniss Jenkins', 'Dallas, United States', 23),
('nba_125', 1, 'LaMelo Ball', 'Anaheim, California', 23),
('nba_126', 1, 'Brandon Miller', 'Antioch, United States', 22),
('nba_127', 1, 'Miles Bridges', 'Flint, Michigan', 27),
('nba_128', 1, 'Mark Williams', 'Norfolk, Virginia', 23),
('nba_129', 1, 'Tre Mann', 'Gainesville, Florida', 24),
('nba_13', 1, 'Jeff Dowtin Jr.', 'Upper Marlboro, Maryland', 28),
('nba_130', 1, 'Grant Williams', 'Houston, Texas', 26),
('nba_131', 1, 'Nick Smith Jr.', 'Jacksonville, United States', 21),
('nba_132', 1, 'Jusuf Nurkić', 'Tuzla, Bosnia and Herzegovina', 30),
('nba_133', 1, 'Josh Okogie', 'Lagos, Nigeria', 26),
('nba_134', 1, 'KJ Simpson', 'West Hills, United States', 22),
('nba_135', 1, 'Josh Green', 'Sydney, Australia', 24),
('nba_136', 1, 'Damion Baugh', 'Nashville, United States', 24),
('nba_137', 1, 'DaQuan Jeffries', 'Edmond, Oklahoma', 27),
('nba_138', 1, 'Seth Curry', 'Charlotte, North Carolina', 34),
('nba_139', 1, 'Tidjane Salaün', 'Paris, France', 19),
('nba_14', 1, 'Eric Gordon', 'Indianapolis, Indiana', 36),
('nba_140', 1, 'Moussa Diabaté', 'Paris, France', 23),
('nba_141', 1, 'Wendell Moore Jr.', 'Richmond, Virginia', 23),
('nba_142', 1, 'Taj Gibson', 'Brooklyn, New York', 39),
('nba_143', 1, 'Jayson Tatum', 'St. Louis, Missouri', 27),
('nba_144', 1, 'Jaylen Brown', 'Marietta, Georgia', 28),
('nba_145', 1, 'Kristaps Porziņģis', 'Liepaja, Latvia', 29),
('nba_146', 1, 'Derrick White', 'Parker, Colorado', 30),
('nba_147', 1, 'Payton Pritchard', 'Tualatin, Oregon', 27),
('nba_148', 1, 'Jrue Holiday', 'Chatsworth, California', 34),
('nba_149', 1, 'Al Horford', 'Puerto Plata, Dominican Republic', 38),
('nba_15', 1, 'Adem Bona', 'Ebonyi, Nigeria', 22),
('nba_150', 1, 'Sam Hauser', 'Green Bay, Wisconsin', 27),
('nba_151', 1, 'Luke Kornet', 'Lexington, Texas', 29),
('nba_152', 1, 'Neemias Queta', 'Lisbon, Portugal', 25),
('nba_153', 1, 'Baylor Scheierman', 'Aurora, United States', 24),
('nba_154', 1, 'Torrey Craig', 'Columbia, South Carolina', 34),
('nba_155', 1, 'Miles Norris', 'San Diego, United States', 25),
('nba_156', 1, 'Drew Peterson', 'Libertyville, United States', 25),
('nba_157', 1, 'JD Davison', 'Letohatchee, Alabama', 22),
('nba_158', 1, 'Jordan Walsh', 'DeSoto, United States', 21),
('nba_159', 1, 'Xavier Tillman Sr.', 'Grand Rapids, Michigan', 26),
('nba_16', 1, 'Alex Reese', 'Pelham, United States', 25),
('nba_160', 1, 'Pascal Siakam', 'Douala, Cameroon', 31),
('nba_161', 1, 'Tyrese Haliburton', 'Oshkosh, Wisconsin', 25),
('nba_162', 1, 'Bennedict Mathurin', 'Montreal, Canada', 22),
('nba_163', 1, 'Myles Turner', 'Bedford, Texas', 29),
('nba_164', 1, 'Aaron Nesmith', 'Charleston, South Carolina', 25),
('nba_165', 1, 'Obi Toppin', 'Brooklyn, New York', 27),
('nba_166', 1, 'Andrew Nembhard', 'Aurora, Canada', 25),
('nba_167', 1, 'T.J. McConnell', 'Pittsburgh, Pennsylvania', 33),
('nba_168', 1, 'Isaiah Jackson', 'Pontiac, Michigan', 23),
('nba_169', 1, 'Thomas Bryant', 'Rochester, New York', 27),
('nba_17', 1, 'Kyle Lowry', 'Philadelphia, Pennsylvania', 39),
('nba_170', 1, 'Jarace Walker', 'New Freedom, United States', 21),
('nba_171', 1, 'Quenton Jackson', 'Los Angeles, California', 26),
('nba_172', 1, 'Ben Sheppard', 'Atlanta, United States', 23),
('nba_173', 1, 'Tony Bradley', 'Bartow, Florida', 27),
('nba_174', 1, 'RayJ Dennis', 'Plainfield, United States', 24),
('nba_175', 1, 'Enrique Freeman', 'Cleveland, United States', 24),
('nba_176', 1, 'Johnny Furphy', 'Melbourne, Australia', 20),
('nba_177', 1, 'James Johnson', 'Cheyenne, Wyoming', 38),
('nba_178', 1, 'RJ Barrett', 'Toronto, Canada', 24),
('nba_179', 1, 'Scottie Barnes', 'West Palm Beach, Florida', 23),
('nba_18', 1, 'Coby White', 'Goldsboro, North Carolina', 25),
('nba_180', 1, 'Immanuel Quickley', 'Havre de Grace, Maryland', 25),
('nba_181', 1, 'Jakob Poeltl', 'Vienna, Austria', 29),
('nba_182', 1, 'Gradey Dick', 'Wichita, United States', 21),
('nba_183', 1, 'Jared Rhoden', 'Baldwin, New York', 25),
('nba_184', 1, 'Ochai Agbaji', 'Milwaukee, Wisconsin', 25),
('nba_185', 1, 'Chris Boucher', 'Castries, St. Lucia', 32),
('nba_186', 1, 'A.J. Lawson', 'Toronto, Canada', 24),
('nba_187', 1, 'Ja\'Kobe Walter', 'McKinney, United States', 20),
('nba_188', 1, 'Colin Castleton', 'Pembroke Pines, United States', 24),
('nba_189', 1, 'Jamison Battle', 'Robbinsdale, United States', 24),
('nba_19', 1, 'Nikola Vučević', 'Morges, Switzerland', 34),
('nba_190', 1, 'Jamal Shead', 'Manor, United States', 22),
('nba_191', 1, 'Jonathan Mogbo', 'West Palm Beach, United States', 23),
('nba_192', 1, 'Garrett Temple', 'Baton Rouge, Louisiana', 39),
('nba_193', 1, 'Ulrich Chomche', 'Bafang, Cameroon', 19),
('nba_194', 1, 'Tyler Herro', 'Milwaukee, Wisconsin', 25),
('nba_195', 1, 'Andrew Wiggins', 'Toronto, Canada', 30),
('nba_196', 1, 'Bam Adebayo', 'Newark, New Jersey', 27),
('nba_197', 1, 'Duncan Robinson', 'York, Maine', 31),
('nba_198', 1, 'Nikola Jović', 'Leicester, England', 21),
('nba_199', 1, 'Terry Rozier', 'Youngstown, Ohio', 31),
('nba_2', 1, 'Quentin Grimes', 'Houston, Texas', 25),
('nba_20', 1, 'Josh Giddey', 'Melbourne, Australia', 22),
('nba_200', 1, 'Davion Mitchell', 'Hinesville, Georgia', 26),
('nba_201', 1, 'Kel\'el Ware', 'North Little Rock, United States', 21),
('nba_202', 1, 'Jaime Jaquez Jr.', 'Camarillo, United States', 24),
('nba_203', 1, 'Alec Burks', 'Grandview, Missouri', 33),
('nba_204', 1, 'Kyle Anderson', 'New York City, New Jersey', 31),
('nba_205', 1, 'Haywood Highsmith', 'Baltimore, Maryland', 28),
('nba_206', 1, 'Dru Smith', 'Evansville, Indiana', 27),
('nba_207', 1, 'Kevin Love', 'Santa Monica, California', 36),
('nba_208', 1, 'Pelle Larsson', 'Nacka, Sweden', 24),
('nba_209', 1, 'Keshad Johnson', 'Oakland, United States', 23),
('nba_21', 1, 'Kevin Huerter', 'Albany, New York', 26),
('nba_210', 1, 'Josh Christopher', 'Carson, California', 23),
('nba_211', 1, 'Isaiah Stevens', 'Allen, United States', 24),
('nba_212', 1, 'Donovan Mitchell', 'Elmsford, Connecticut', 28),
('nba_213', 1, 'Darius Garland', 'Gary, Indiana', 25),
('nba_214', 1, 'Evan Mobley', 'San Diego, California', 23),
('nba_215', 1, 'De\'Andre Hunter', 'Philadelphia, Pennsylvania', 27),
('nba_216', 1, 'Jarrett Allen', 'San Diego, Texas', 27),
('nba_217', 1, 'Ty Jerome', 'New York, New York', 27),
('nba_218', 1, 'Max Strus', 'Hickory Hills, Illinois', 29),
('nba_219', 1, 'Nae\'Qwan Tomlin', 'Harlem, United States', 24),
('nba_22', 1, 'Ayo Dosunmu', 'Chicago, Illinois', 25),
('nba_220', 1, 'Sam Merrill', 'Salt Lake City, Utah', 29),
('nba_221', 1, 'Isaac Okoro', 'Atlanta, Georgia', 24),
('nba_222', 1, 'Dean Wade', 'Wichita, Kansas', 28),
('nba_223', 1, 'Emoni Bates', 'Ypsilanti, United States', 21),
('nba_224', 1, 'Craig Porter Jr.', 'Terre Haute, United States', 25),
('nba_225', 1, 'Jaylon Tyson', 'Plano, United States', 22),
('nba_226', 1, 'Javonte Green', 'Petersburg, Virginia', 31),
('nba_227', 1, 'Chuma Okeke', 'Atlanta, Georgia', 26),
('nba_228', 1, 'Tristan Thompson', 'Toronto, Canada', 34),
('nba_229', 1, 'Luke Travers', 'Perth, Australia', 23),
('nba_23', 1, 'Tre Jones', 'Apple Valley, Minnesota', 25),
('nba_230', 1, 'Cam Thomas', 'Yokosuka, Japan', 23),
('nba_231', 1, 'Cameron Johnson', 'Moon Township, Pennsylvania', 29),
('nba_232', 1, 'D\'Angelo Russell', 'Louisville, Kentucky', 29),
('nba_233', 1, 'Drew Timme', 'Richardson, United States', 24),
('nba_234', 1, 'Keon Johnson', 'Shelbyville, Tennessee', 23),
('nba_235', 1, 'Nic Claxton', 'Greenville, South Carolina', 26),
('nba_236', 1, 'Trendon Watford', 'Birmingham, Alabama', 24),
('nba_237', 1, 'Ziaire Williams', 'Lancaster, California', 23),
('nba_238', 1, 'Jalen Wilson', 'Denton, United States', 24),
('nba_239', 1, 'Tosan Evbuomwan', 'Newcastle, England', 24),
('nba_24', 1, 'Patrick Williams', 'Charlotte, North Carolina', 23),
('nba_240', 1, 'Noah Clowney', 'Spartanburg, United States', 20),
('nba_241', 1, 'Tyrese Martin', 'Allentown, Pennsylvania', 26),
('nba_242', 1, 'Day\'Ron Sharpe', 'Greenville, North Carolina', 23),
('nba_243', 1, 'Tyson Etienne', 'Englewood, New York', 25),
('nba_244', 1, 'Dariq Whitehead', 'Newark, United States', 20),
('nba_245', 1, 'Maxwell Lewis', 'Las Vegas, United States', 22),
('nba_246', 1, 'Reece Beekman', 'Milwaukee, United States', 23),
('nba_247', 1, 'Paolo Banchero', 'Seattle, Washington', 22),
('nba_248', 1, 'Franz Wagner', 'Berlin, Germany', 23),
('nba_249', 1, 'Jalen Suggs', 'St. Paul, Minnesota', 23),
('nba_25', 1, 'Zach Collins', 'North Las Vegas, Nevada', 27),
('nba_250', 1, 'Moritz Wagner', 'Berlin, Germany', 28),
('nba_251', 1, 'Cole Anthony', 'Portland, Oregon', 25),
('nba_252', 1, 'Anthony Black', 'Duncanville, United States', 21),
('nba_253', 1, 'Wendell Carter Jr.', 'Atlanta, Georgia', 26),
('nba_254', 1, 'Kentavious Caldwell-Pope', 'Thomaston, Georgia', 32),
('nba_255', 1, 'Goga Bitadze', 'Sagarejo, Georgia', 25),
('nba_256', 1, 'Tristan da Silva', 'Munich, Germany', 24),
('nba_257', 1, 'Jonathan Isaac', 'Bronx, New York', 27),
('nba_258', 1, 'Trevelin Queen', 'Baltimore, Maryland', 28),
('nba_259', 1, 'Jett Howard', 'Miami, United States', 21),
('nba_26', 1, 'Matas Buzelis', 'Chicago, United States', 20),
('nba_260', 1, 'Caleb Houstan', 'Mississauga, Canada', 22),
('nba_261', 1, 'Cory Joseph', 'Pickering, Canada', 33),
('nba_262', 1, 'Gary Harris', 'Fishers, Indiana', 30),
('nba_263', 1, 'Mac McClung', 'Gate City, Virginia', 26),
('nba_264', 1, 'Kevin Durant', 'Washington, District of Columbia', 36),
('nba_265', 1, 'Devin Booker', 'Grand Rapids, Michigan', 28),
('nba_266', 1, 'Bradley Beal', 'St. Louis, Missouri', 31),
('nba_267', 1, 'Grayson Allen', 'Jacksonville, Florida', 29),
('nba_268', 1, 'Tyus Jones', 'Apple Valley, Minnesota', 29),
('nba_269', 1, 'Nick Richards', 'Kingston, Jamaica', 27),
('nba_27', 1, 'Jalen Smith', 'Portsmouth, Virginia', 25),
('nba_270', 1, 'Royce O\'Neale', 'Killeen, Texas', 31),
('nba_271', 1, 'Ryan Dunn', 'Freeport, United States', 22),
('nba_272', 1, 'Bol Bol', 'Khartoum, Sudan', 25),
('nba_273', 1, 'Collin Gillespie', 'Philadelphia, Pennsylvania', 25),
('nba_274', 1, 'Monté Morris', 'Grand Rapids, Michigan', 29),
('nba_275', 1, 'Mason Plumlee', 'Fort Wayne, Indiana', 35),
('nba_276', 1, 'Oso Ighodaro', 'Chandler, United States', 22),
('nba_277', 1, 'Cody Martin', 'Mocksville, North Carolina', 29),
('nba_278', 1, 'Damion Lee', 'Baltimore, Maryland', 32),
('nba_279', 1, 'TyTy Washington Jr.', 'Phoenix, Arizona', 23),
('nba_28', 1, 'Lonzo Ball', 'Anaheim, California', 27),
('nba_280', 1, 'Jalen Bridges', 'Fairmont, United States', 24),
('nba_281', 1, 'Vasilije Micić', 'Kralijevo, Serbia', 31),
('nba_282', 1, 'Jalen Green', 'Merced, California', 23),
('nba_283', 1, 'Alperen Şengün', 'Giresun, Turkey', 22),
('nba_284', 1, 'Fred VanVleet', 'Rockford, Illinois', 31),
('nba_285', 1, 'Amen Thompson', 'Oakland, United States', 22),
('nba_286', 1, 'Dillon Brooks', 'Mississauga, Canada', 29),
('nba_287', 1, 'Jabari Smith Jr.', 'Fayetteville, Georgia', 22),
('nba_288', 1, 'Tari Eason', 'Portsmouth, Virginia', 24),
('nba_289', 1, 'Cam Whitmore', 'Odenton, United States', 20),
('nba_29', 1, 'Talen Horton-Tucker', 'Chicago, Illinois', 24),
('nba_290', 1, 'N\'Faly Dante', 'Bamako, Mali', 23),
('nba_291', 1, 'Aaron Holiday', 'Ruston, Louisiana', 28),
('nba_292', 1, 'Jeff Green', 'Cheverly, Maryland', 38),
('nba_293', 1, 'Jock Landale', 'Malvern East, Australia', 29),
('nba_294', 1, 'Reed Sheppard', 'London, United States', 20),
('nba_295', 1, 'David Roddy', 'Minneapolis, Minnesota', 24),
('nba_296', 1, 'Steven Adams', 'Rotorua, New Zealand', 31),
('nba_297', 1, 'Jae\'Sean Tate', 'Toledo, Ohio', 29),
('nba_298', 1, 'Nate Williams', 'Rochester, New York', 26),
('nba_299', 1, 'Jack McVeigh', 'Cabarita Beach, Australia', 28),
('nba_3', 1, 'Paul George', 'Palmdale, California', 35),
('nba_30', 1, 'Julian Phillips', 'Blythewood, United States', 21),
('nba_300', 1, 'Anthony Edwards', 'Atlanta, Georgia', 23),
('nba_301', 1, 'Julius Randle', 'Dallas, Texas', 30),
('nba_302', 1, 'Naz Reid', 'Asbury Park, New Jersey', 25),
('nba_303', 1, 'Jaden McDaniels', 'Federal Way, Washington', 24),
('nba_304', 1, 'Rudy Gobert', 'Saint-Quentin, France', 32),
('nba_305', 1, 'Donte DiVincenzo', 'Newark, Delaware', 28),
('nba_306', 1, 'Nickeil Alexander-Walker', 'Toronto, Canada', 26),
('nba_307', 1, 'Mike Conley', 'Fayetteville, Arkansas', 37),
('nba_308', 1, 'Rob Dillingham', 'Hickory, United States', 20),
('nba_309', 1, 'Terrence Shannon Jr.', 'Chicago, United States', 24),
('nba_31', 1, 'Dalen Terry', 'Phoenix, Arizona', 22),
('nba_310', 1, 'Jaylen Clark', 'Riverside, United States', 23),
('nba_311', 1, 'Luka Garza', 'Washington, District of Columbia', 26),
('nba_312', 1, 'Josh Minott', 'Boca Raton, Florida', 22),
('nba_313', 1, 'Leonard Miller', 'Thornhill, Canada', 21),
('nba_314', 1, 'Bones Hyland', 'Wilmington, Delaware', 24),
('nba_315', 1, 'Joe Ingles', 'Adelaide, Australia', 37),
('nba_316', 1, 'Jesse Edwards', 'Amsterdam, Netherlands', 25),
('nba_317', 1, 'Tristen Newton', 'El Paso, United States', 24),
('nba_318', 1, 'Ja Morant', 'Dalzell, South Carolina', 25),
('nba_319', 1, 'Jaren Jackson Jr.', 'Plainfield, New Jersey', 25),
('nba_32', 1, 'Jevon Carter', 'Oak Park, Illinois', 29),
('nba_320', 1, 'Desmond Bane', 'Richmond, Indiana', 26),
('nba_321', 1, 'Santi Aldama', 'Las Palmas, Spain', 24),
('nba_322', 1, 'Jaylen Wells', 'Sacramento, United States', 21),
('nba_323', 1, 'Scotty Pippen Jr.', 'Portland, Oregon', 24),
('nba_324', 1, 'Zach Edey', 'Toronto, Canada', 23),
('nba_325', 1, 'Luke Kennard', 'Middletown, Ohio', 28),
('nba_326', 1, 'Brandon Clarke', 'Vancouver, Canada', 28),
('nba_327', 1, 'GG Jackson II', 'Columbia, United States', 20),
('nba_328', 1, 'Jay Huff', 'Durham, North Carolina', 27),
('nba_329', 1, 'Vince Williams Jr.', 'Toledo, Ohio', 24),
('nba_33', 1, 'Jahmir Young', 'Upper Marlboro, United States', 24),
('nba_330', 1, 'Lamar Stevens', 'Philadelphia, Pennsylvania', 27),
('nba_331', 1, 'Cam Spencer', 'Davidsonville, United States', 25),
('nba_332', 1, 'Marvin Bagley III', 'Tempe, Arizona', 26),
('nba_333', 1, 'John Konchar', 'Chicago, Illinois', 29),
('nba_334', 1, 'Yuki Kawamura', 'Yanai, Japan', 24),
('nba_335', 1, 'Zyon Pullin', 'Pleasant Hill, United States', 24),
('nba_336', 1, 'James Harden', 'Los Angeles, California', 35),
('nba_337', 1, 'Norman Powell', 'San Diego, California', 31),
('nba_338', 1, 'Kawhi Leonard', 'Los Angeles, California', 33),
('nba_339', 1, 'Ivica Zubac', 'Mostar, Bosnia and Herzegovina', 28),
('nba_34', 1, 'E.J. Liddell', 'Belleville, Illinois', 24),
('nba_340', 1, 'Bogdan Bogdanović', 'Belgrade, Serbia', 32),
('nba_341', 1, 'Derrick Jones Jr.', 'Chester, Pennsylvania', 28),
('nba_342', 1, 'Amir Coffey', 'Hopkins, Minnesota', 27),
('nba_343', 1, 'Kris Dunn', 'New London, Connecticut', 31),
('nba_344', 1, 'Jordan Miller', 'Middleburg, United States', 25),
('nba_345', 1, 'Nicolas Batum', 'Lisieux, France', 36),
('nba_346', 1, 'Patty Mills', 'Canberra, Australia', 36),
('nba_347', 1, 'Patrick Baldwin Jr.', 'Green Bay, Wisconsin', 22),
('nba_348', 1, 'Ben Simmons', 'Melbourne, Australia', 28),
('nba_349', 1, 'Drew Eubanks', 'Starkville, Mississippi', 28),
('nba_35', 1, 'Emanuel Miller', 'Scarborough, Canada', 24),
('nba_350', 1, 'Kobe Brown', 'Huntsville, United States', 25),
('nba_351', 1, 'Trentyn Flowers', 'Baltimore, United States', 20),
('nba_352', 1, 'Cam Christie', 'Arlington Heights, United States', 19),
('nba_353', 1, 'Anfernee Simons', 'Altamonte Springs, Florida', 25),
('nba_354', 1, 'Shaedon Sharpe', 'London, Canada', 21),
('nba_355', 1, 'Deni Avdija', 'Beit Zera, Israel', 24),
('nba_356', 1, 'Deandre Ayton', 'Nassau, Bahamas', 26),
('nba_357', 1, 'Jerami Grant', 'Portland, Oregon', 31),
('nba_358', 1, 'Scoot Henderson', 'Marietta, United States', 21),
('nba_359', 1, 'Toumani Camara', 'Brussels, Belgium', 25),
('nba_36', 1, 'Giannis Antetokounmpo', 'Athens, Greece', 30),
('nba_360', 1, 'Dalano Banton', 'Toronto, Canada', 25),
('nba_361', 1, 'Matisse Thybulle', 'Scottsdale, Arizona', 28),
('nba_362', 1, 'Donovan Clingan', 'Bristol, United States', 21),
('nba_363', 1, 'Robert Williams III', 'Shreveport, Louisiana', 27),
('nba_364', 1, 'Jabari Walker', 'Wichita, Kansas', 22),
('nba_365', 1, 'Duop Reath', 'Waat, South Sudan', 28),
('nba_366', 1, 'Kris Murray', 'Cedar Rapids, United States', 24),
('nba_367', 1, 'Rayan Rupert', 'Strasbourg, France', 20),
('nba_368', 1, 'Sidy Cissoko', 'Saint-Maurice, France', 21),
('nba_369', 1, 'Bryce McGowens', 'Pendleton, South Carolina', 22),
('nba_37', 1, 'Damian Lillard', 'Oakland, California', 34),
('nba_370', 1, 'Justin Minaya', 'Harrington Park, United States', 26),
('nba_371', 1, 'Nikola Jokić', 'Sombor, Serbia', 30),
('nba_372', 1, 'Jamal Murray', 'Kitchener, Canada', 28),
('nba_373', 1, 'Michael Porter Jr.', 'Columbia, Missouri', 26),
('nba_374', 1, 'Christian Braun', 'Burlington, Kansas', 24),
('nba_375', 1, 'Aaron Gordon', 'San Jose, California', 29),
('nba_376', 1, 'Russell Westbrook', 'Long Beach, California', 36),
('nba_377', 1, 'Julian Strawther', 'Las Vegas, United States', 23),
('nba_378', 1, 'Peyton Watson', 'Beverly Hills, California', 22),
('nba_379', 1, 'Jalen Pickett', 'Rochester, United States', 25),
('nba_38', 1, 'Kyle Kuzma', 'Flint, Michigan', 29),
('nba_380', 1, 'DeAndre Jordan', 'Houston, Texas', 36),
('nba_381', 1, 'Dario Šarić', 'Sibenik, Croatia', 31),
('nba_382', 1, 'Zeke Nnaji', 'Hopkins, Minnesota', 24),
('nba_383', 1, 'Hunter Tyson', 'Monroe, United States', 24),
('nba_384', 1, 'Vlatko Čančar', 'Koper, Slovenia', 28),
('nba_385', 1, 'PJ Hall', 'Spartanburg, United States', 23),
('nba_386', 1, 'Spencer Jones', 'Roeland Park, United States', 23),
('nba_387', 1, 'Trey Alexander', 'Oklahoma City, United States', 22),
('nba_388', 1, 'Stephen Curry', 'Akron, Ohio', 37),
('nba_389', 1, 'Jimmy Butler III', 'Houston, Texas', 35),
('nba_39', 1, 'Bobby Portis', 'Little Rock, Arkansas', 30),
('nba_390', 1, 'Jonathan Kuminga', 'Goma, DR Congo', 22),
('nba_391', 1, 'Brandin Podziemski', 'Greenfield, United States', 22),
('nba_392', 1, 'Buddy Hield', 'Freeport, Bahamas', 32),
('nba_393', 1, 'Moses Moody', 'Little Rock, Arkansas', 22),
('nba_394', 1, 'Draymond Green', 'Saginaw, Michigan', 35),
('nba_395', 1, 'Quinten Post', 'Amsterdam, Netherlands', 25),
('nba_396', 1, 'Trayce Jackson-Davis', 'Greenwood, United States', 25),
('nba_397', 1, 'Gary Payton II', 'Seattle, Washington', 32),
('nba_398', 1, 'Kevon Looney', 'Milwaukee, Wisconsin', 29),
('nba_399', 1, 'Gui Santos', 'Brasilia, Brazil', 22),
('nba_4', 1, 'Jared McCain', 'Sacramento, United States', 21),
('nba_40', 1, 'Brook Lopez', 'North Hollywood, California', 37),
('nba_400', 1, 'Jackson Rowe', 'Toronto, Canada', 28),
('nba_401', 1, 'Kevin Knox II', 'Phoenix, Arizona', 25),
('nba_402', 1, 'Pat Spencer', 'Davidsonville, Maryland', 28),
('nba_403', 1, 'Braxton Key', 'Charlotte, North Carolina', 28),
('nba_404', 1, 'Victor Wembanyama', 'Le Chesnay, France', 21),
('nba_405', 1, 'De\'Aaron Fox', 'New Orleans, Louisiana', 27),
('nba_406', 1, 'Devin Vassell', 'Lawrenceville, Georgia', 24),
('nba_407', 1, 'Stephon Castle', 'Covington, United States', 20),
('nba_408', 1, 'Keldon Johnson', 'Chesterfield, Virginia', 25),
('nba_409', 1, 'Harrison Barnes', 'Ames, Iowa', 32),
('nba_41', 1, 'Kevin Porter Jr.', 'Seattle, Washington', 25),
('nba_410', 1, 'Jeremy Sochan', 'Guymon, Oklahoma', 22),
('nba_411', 1, 'Julian Champagnie', 'Staten Island, New York', 23),
('nba_412', 1, 'Chris Paul', 'Winston-Salem, North Carolina', 40),
('nba_413', 1, 'Sandro Mamukelashvili', 'New York, New York', 25),
('nba_414', 1, 'Bismack Biyombo', 'Lubumbashi, DR Congo', 32),
('nba_415', 1, 'Malaki Branham', 'Columbus, Ohio', 22),
('nba_416', 1, 'Charles Bassey', 'Lagos, Nigeria', 24),
('nba_417', 1, 'Blake Wesley', 'South Bend, Indiana', 22),
('nba_418', 1, 'David Duke Jr.', 'Providence, Rhode Island', 25),
('nba_419', 1, 'Jordan McLaughlin', 'Pasadena, California', 29),
('nba_42', 1, 'Gary Trent Jr.', 'Columbus, Ohio', 26),
('nba_420', 1, 'Harrison Ingram', 'Dallas, United States', 22),
('nba_421', 1, 'Riley Minix', 'Vero Beach, United States', 24),
('nba_422', 1, 'Zach LaVine', 'Renton, Washington', 30),
('nba_423', 1, 'DeMar DeRozan', 'Compton, California', 35),
('nba_424', 1, 'Domantas Sabonis', 'Portland, Oregon', 29),
('nba_425', 1, 'Malik Monk', 'Jonesboro, Arkansas', 27),
('nba_426', 1, 'Keegan Murray', 'Cedar Rapids, Iowa', 24),
('nba_427', 1, 'Jonas Valančiūnas', 'Utena, Lithuania', 33),
('nba_428', 1, 'Keon Ellis', 'Eustis, Florida', 25),
('nba_429', 1, 'Trey Lyles', 'Saskatoon, Canada', 29),
('nba_43', 1, 'Taurean Prince', 'San Marcos, Texas', 31),
('nba_430', 1, 'Jake LaRavia', 'Pasadena, California', 23),
('nba_431', 1, 'Devin Carter', 'Miami, United States', 23),
('nba_432', 1, 'Doug McDermott', 'Grand Forks, North Dakota', 33),
('nba_433', 1, 'Isaac Jones', 'Spanaway, United States', 24),
('nba_434', 1, 'Markelle Fultz', 'Upper Marlboro, Maryland', 26),
('nba_435', 1, 'Jae Crowder', 'Villa Rica, Georgia', 34),
('nba_436', 1, 'Mason Jones', 'Dallas, Texas', 26),
('nba_437', 1, 'Isaiah Crawford', 'Fort Worth, United States', 23),
('nba_438', 1, 'Terence Davis', 'Southaven, Mississippi', 28),
('nba_439', 1, 'Luka Dončić', 'Ljubljana, Slovenia', 26),
('nba_44', 1, 'AJ Green', 'Cedar Falls, Iowa', 25),
('nba_440', 1, 'LeBron James', 'Akron, Ohio', 40),
('nba_441', 1, 'Austin Reaves', 'Newark, Arkansas', 26),
('nba_442', 1, 'Rui Hachimura', 'Toyama, Japan', 27),
('nba_443', 1, 'Dalton Knecht', 'Thornton, United States', 24),
('nba_444', 1, 'Dorian Finney-Smith', 'Portsmouth, Virginia', 32),
('nba_445', 1, 'Jaxson Hayes', 'Norman, Oklahoma', 24),
('nba_446', 1, 'Gabe Vincent', 'Modesto, California', 28),
('nba_447', 1, 'Jordan Goodwin', 'Centreville, Illinois', 26),
('nba_448', 1, 'Markieff Morris', 'Philadelphia, Pennsylvania', 35),
('nba_449', 1, 'Jarred Vanderbilt', 'Houston, Texas', 26),
('nba_45', 1, 'Ryan Rollins', 'Detroit, Michigan', 22),
('nba_450', 1, 'Shake Milton', 'Owasso, Oklahoma', 28),
('nba_451', 1, 'Trey Jemison III', 'Birmingham, United States', 25),
('nba_452', 1, 'Christian Koloko', 'Douala, Cameroon', 24),
('nba_453', 1, 'Bronny James', 'Akron, United States', 20),
('nba_454', 1, 'Alex Len', 'Antratsyt, Ukraine', 31),
('nba_455', 1, 'Shai Gilgeous-Alexander', 'Toronto, Canada', 26),
('nba_456', 1, 'Jalen Williams', 'Denver, Colorado', 24),
('nba_457', 1, 'Chet Holmgren', 'Minneapolis, Minnesota', 23),
('nba_458', 1, 'Aaron Wiggins', 'Greensboro, North Carolina', 26),
('nba_459', 1, 'Isaiah Hartenstein', 'Eugene, Oregon', 27),
('nba_46', 1, 'Pat Connaughton', 'Arlington, Massachusetts', 32),
('nba_460', 1, 'Isaiah Joe', 'Fort Smith, Arkansas', 25),
('nba_461', 1, 'Luguentz Dort', 'Montreal, Canada', 26),
('nba_462', 1, 'Cason Wallace', 'Dallas, United States', 21),
('nba_463', 1, 'Alex Caruso', 'College Station, Texas', 31),
('nba_464', 1, 'Ajay Mitchell', 'Ans, Belgium', 22),
('nba_465', 1, 'Kenrich Williams', 'Waco, Texas', 30),
('nba_466', 1, 'Jaylin Williams', 'Fort Smith, Arkansas', 22),
('nba_467', 1, 'Ousmane Dieng', 'Villeneuve-sur-Lot, France', 21),
('nba_468', 1, 'Branden Carlson', 'South Jordan, United States', 25),
('nba_469', 1, 'Dillon Jones', 'Columbia, United States', 23),
('nba_47', 1, 'Pete Nance', 'Akron, United States', 25),
('nba_470', 1, 'Adam Flagler', 'Duluth, United States', 25),
('nba_471', 1, 'Alex Ducas', 'Geraldton, Australia', 24),
('nba_472', 1, 'Kyrie Irving', 'Melbourne, Australia', 33),
('nba_473', 1, 'Anthony Davis', 'Chicago, Illinois', 32),
('nba_474', 1, 'P.J. Washington Jr.', 'Louisville, Kentucky', 26),
('nba_475', 1, 'Klay Thompson', 'Los Angeles, California', 35),
('nba_476', 1, 'Naji Marshall', 'Atlantic City, New Jersey', 27),
('nba_477', 1, 'Daniel Gafford', 'El Dorado, Arkansas', 26),
('nba_478', 1, 'Kai Jones', 'Nassau, Bahamas', 24),
('nba_479', 1, 'Max Christie', 'Arlington Heights, Illinois', 22),
('nba_48', 1, 'Jamaree Bouyea', 'Seaside, California', 25),
('nba_480', 1, 'Spencer Dinwiddie', 'Los Angeles, California', 32),
('nba_481', 1, 'Dante Exum', 'Melbourne, Australia', 29),
('nba_482', 1, 'Jaden Hardy', 'Detroit, Michigan', 22),
('nba_483', 1, 'Dereck Lively II', 'Philadelphia, United States', 21),
('nba_484', 1, 'Brandon Williams', 'Los Angeles, California', 25),
('nba_485', 1, 'Caleb Martin', 'Winston-Salem, North Carolina', 29),
('nba_486', 1, 'Kessler Edwards', 'Glendale, California', 24),
('nba_487', 1, 'Olivier-Maxence Prosper', 'Montreal, Canada', 22),
('nba_488', 1, 'Dwight Powell', 'Toronto, Canada', 33),
('nba_489', 1, 'John Collins', 'Layton, Utah', 27),
('nba_49', 1, 'Andre Jackson Jr.', 'Amsterdam, United States', 23),
('nba_490', 1, 'Lauri Markkanen', 'Vantaa, Finland', 27),
('nba_491', 1, 'Collin Sexton', 'Marietta, Georgia', 26),
('nba_492', 1, 'Keyonte George', 'Lewisville, United States', 21),
('nba_493', 1, 'Jordan Clarkson', 'Tampa, Florida', 32),
('nba_494', 1, 'Walker Kessler', 'Atlanta, Georgia', 23),
('nba_495', 1, 'Brice Sensabaugh', 'Orlando, United States', 21),
('nba_496', 1, 'Kyle Filipowski', 'Westtown, United States', 21),
('nba_497', 1, 'Johnny Juzang', 'Los Angeles, California', 24),
('nba_498', 1, 'Svi Mykhailiuk', 'Cherkasy, Ukraine', 27),
('nba_499', 1, 'Isaiah Collier', 'Atlanta, United States', 20),
('nba_5', 1, 'Kelly Oubre Jr.', 'New Orleans, Louisiana', 29),
('nba_50', 1, 'Tyler Smith', 'Houston, United States', 20),
('nba_500', 1, 'Oscar Tshiebwe', 'Lubumbashi, DR Congo', 25),
('nba_501', 1, 'KJ Martin', 'Gardena, California', 24),
('nba_502', 1, 'Taylor Hendricks', 'Fort Lauderdale, United States', 21),
('nba_503', 1, 'Cody Williams', 'Gilbert, United States', 20),
('nba_504', 1, 'Micah Potter', 'Mentor, Ohio', 27),
('nba_505', 1, 'Jaden Springer', 'Charlotte, North Carolina', 22),
('nba_506', 1, 'Elijah Harkless', 'Etiwanda, United States', 25),
('nba_507', 1, 'Zion Williamson', 'Salisbury, North Carolina', 24),
('nba_508', 1, 'Trey Murphy III', 'Durham, North Carolina', 24),
('nba_509', 1, 'CJ McCollum', 'Canton, Ohio', 33),
('nba_51', 1, 'Jericho Sims', 'Minneapolis, Minnesota', 26),
('nba_510', 1, 'Dejounte Murray', 'Seattle, Washington', 28),
('nba_511', 1, 'Jordan Hawkins', 'Gaithersburg, United States', 23),
('nba_512', 1, 'Brandon Boston Jr.', 'Norcross, Georgia', 23),
('nba_513', 1, 'Kelly Olynyk', 'Toronto, Canada', 34),
('nba_514', 1, 'Jose Alvarado', 'Brooklyn, New York', 27),
('nba_515', 1, 'Herbert Jones', 'Tuscaloosa, Alabama', 26),
('nba_516', 1, 'Keion Brooks Jr.', 'Fort Wayne, United States', 24),
('nba_517', 1, 'Yves Missi', 'Yaounde, Cameroon', 21),
('nba_518', 1, 'Lester Quinones', 'Brentwood, New York', 24),
('nba_519', 1, 'Bruce Brown', 'Boston, Massachusetts', 28),
('nba_52', 1, 'Chris Livingston', 'Akron, United States', 21),
('nba_520', 1, 'Karlo Matkovic', 'Livno, Bosnia and Herzegovina', 24),
('nba_521', 1, 'Antonio Reeves', 'Chicago, United States', 24),
('nba_522', 1, 'Jeremiah Robinson-Earl', 'Kansas City, Missouri', 24),
('nba_523', 1, 'Jamal Cain', 'Pontiac, Michigan', 26),
('nba_524', 1, 'Elfrid Payton', 'Gretna, Louisiana', 31),
('nba_53', 1, 'Stanley Umude', 'Portland, Oregon', 26),
('nba_54', 1, 'Jalen Brunson', 'New Brunswick, New Jersey', 28),
('nba_55', 1, 'Karl-Anthony Towns', 'Edison, New Jersey', 29),
('nba_56', 1, 'OG Anunoby', 'London, England', 27),
('nba_57', 1, 'Mikal Bridges', 'Philadelphia, Pennsylvania', 28),
('nba_58', 1, 'Josh Hart', 'Silver Spring, Maryland', 30),
('nba_59', 1, 'Miles McBride', 'Cincinnati, Ohio', 24),
('nba_6', 1, 'Lonnie Walker IV', 'Reading, Pennsylvania', 26),
('nba_60', 1, 'Cameron Payne', 'Memphis, Tennessee', 30),
('nba_61', 1, 'Precious Achiuwa', 'Port Harcourt, Nigeria', 25),
('nba_62', 1, 'Landry Shamet', 'Kansas City, Missouri', 28),
('nba_63', 1, 'Mitchell Robinson', 'Pensacola, Florida', 27),
('nba_64', 1, 'Delon Wright', 'Los Angeles, California', 33),
('nba_65', 1, 'P.J. Tucker', 'Raleigh, North Carolina', 40),
('nba_66', 1, 'MarJon Beauchamp', 'Yakima, Washington', 24),
('nba_67', 1, 'Tyler Kolek', 'Cumberland, United States', 24),
('nba_68', 1, 'Ariel Hukporti', 'Stralsund, Germany', 23),
('nba_69', 1, 'Pacôme Dadiet', 'Aubagne, France', 19),
('nba_7', 1, 'Jared Butler', 'Reserve, Louisiana', 24),
('nba_70', 1, 'Kevin McCullar Jr.', 'San Antonio, United States', 24),
('nba_71', 1, 'Anton Watson', 'Spokane, United States', 24),
('nba_72', 1, 'Trae Young', 'Lubbock, Texas', 26),
('nba_73', 1, 'Jalen Johnson', 'Wausau, Wisconsin', 23),
('nba_74', 1, 'Jacob Toppin', 'Brooklyn, United States', 25),
('nba_75', 1, 'Caris LeVert', 'Columbus, Ohio', 30),
('nba_76', 1, 'Dyson Daniels', 'Bendigo, Australia', 22),
('nba_77', 1, 'Onyeka Okongwu', 'Los Angeles, California', 24),
('nba_78', 1, 'Zaccharie Risacher', 'Malaga, Spain', 20),
('nba_79', 1, 'Georges Niang', 'Lawrence, Massachusetts', 31),
('nba_8', 1, 'Guerschon Yabusele', 'Dreux, France', 29),
('nba_80', 1, 'Terance Mann', 'Brooklyn, New York', 28),
('nba_81', 1, 'Clint Capela', 'Geneva, Switzerland', 31),
('nba_82', 1, 'Larry Nance Jr.', 'Akron, Ohio', 32),
('nba_83', 1, 'Garrison Mathews', 'Franklin, Tennessee', 28),
('nba_84', 1, 'Vít Krejčí', 'Strakonice, Czech Republic', 24),
('nba_85', 1, 'Daeqwon Plowden', 'Philadelphia, Pennsylvania', 26),
('nba_86', 1, 'Mouhamed Gueye', 'Dakar, Senegal', 22),
('nba_87', 1, 'Keaton Wallace', 'Dallas, United States', 26),
('nba_88', 1, 'Kobe Bufkin', 'Grand Rapids, United States', 21),
('nba_89', 1, 'Dominick Barlow', 'Dumont, New Jersey', 21),
('nba_9', 1, 'Justin Edwards', 'Philadelphia, United States', 21),
('nba_90', 1, 'Jordan Poole', 'Milwaukee, Wisconsin', 25),
('nba_91', 1, 'Alex Sarr', 'Bordeaux, France', 20),
('nba_92', 1, 'Malcolm Brogdon', 'Atlanta, Georgia', 32),
('nba_93', 1, 'Bilal Coulibaly', 'Saint-Cloud, France', 20),
('nba_94', 1, 'Corey Kispert', 'Edmonds, Washington', 26),
('nba_95', 1, 'Khris Middleton', 'Charleston, South Carolina', 33),
('nba_96', 1, 'Carlton Carrington', 'Baltimore, United States', 19),
('nba_97', 1, 'Tristan Vukčević', 'Siena, Italy', 22),
('nba_98', 1, 'Marcus Smart', 'Flower Mound, Texas', 31),
('nba_99', 1, 'AJ Johnson', 'Woodland Hills, United States', 20);

-- --------------------------------------------------------

--
-- 資料表結構 `reminders`
--

CREATE TABLE `reminders` (
  `user_id` varchar(20) NOT NULL,
  `event_date` varchar(20) NOT NULL,
  `r_time` varchar(15) NOT NULL,
  `book_at` varchar(20) NOT NULL
) ENGINE=InnoDB DEFAULT CHARSET=utf8 COLLATE=utf8_unicode_520_ci;

--
-- 傾印資料表的資料 `reminders`
--

INSERT INTO `reminders` (`user_id`, `event_date`, `r_time`, `book_at`) VALUES
('10107670810', '2025-05-15', '13:30', '2025-05-19 23:04:44'),
('10107670810', '2025-05-15', '18:00', '2025-05-19 23:04:44'),
('10107670810', '2025-05-22', '12:00', '2025-05-19 23:04:44'),
('10107670810', '2025-05-22', '19:30', '2025-05-19 23:04:44'),
('25274245275', '2025-05-15', '13:30', '2025-05-19 23:04:44'),
('25274245275', '2025-05-15', '18:00', '2025-05-19 23:04:44'),
('25274245275', '2025-05-22', '12:00', '2025-05-19 23:04:44'),
('25274245275', '2025-05-22', '19:30', '2025-05-19 23:04:44'),
('34819736552', '2025-05-15', '13:30', '2025-05-19 23:04:44'),
('34819736552', '2025-05-15', '18:00', '2025-05-19 23:04:44'),
('34819736552', '2025-05-22', '12:00', '2025-05-19 23:04:44'),
('34819736552', '2025-05-22', '19:30', '2025-05-19 23:04:44'),
('37632912109', '2025-05-15', '13:30', '2025-05-19 23:04:44'),
('37632912109', '2025-05-15', '18:00', '2025-05-19 23:04:44'),
('37632912109', '2025-05-22', '12:00', '2025-05-19 23:04:44'),
('37632912109', '2025-05-22', '19:30', '2025-05-19 23:04:44'),
('46289900097', '2025-05-15', '13:30', '2025-05-19 23:04:44'),
('46289900097', '2025-05-15', '18:00', '2025-05-19 23:04:44'),
('46289900097', '2025-05-22', '12:00', '2025-05-19 23:04:44'),
('46289900097', '2025-05-22', '19:30', '2025-05-19 23:04:44'),
('47920146199', '2025-05-15', '13:30', '2025-05-19 23:04:44'),
('47920146199', '2025-05-15', '18:00', '2025-05-19 23:04:44'),
('47920146199', '2025-05-22', '12:00', '2025-05-19 23:04:44'),
('47920146199', '2025-05-22', '19:30', '2025-05-19 23:04:44'),
('48749324565', '2025-05-15', '13:30', '2025-05-19 23:04:44'),
('48749324565', '2025-05-15', '18:00', '2025-05-19 23:04:44'),
('48749324565', '2025-05-22', '12:00', '2025-05-19 23:04:44'),
('48749324565', '2025-05-22', '19:30', '2025-05-19 23:04:44'),
('51308301955', '2025-05-15', '13:30', '2025-05-19 23:04:44'),
('51308301955', '2025-05-15', '18:00', '2025-05-19 23:04:44'),
('51308301955', '2025-05-22', '12:00', '2025-05-19 23:04:44'),
('51308301955', '2025-05-22', '19:30', '2025-05-19 23:04:44'),
('55707826854', '2025-05-15', '13:30', '2025-05-19 23:04:44'),
('55707826854', '2025-05-15', '18:00', '2025-05-19 23:04:44'),
('55707826854', '2025-05-22', '12:00', '2025-05-19 23:04:44'),
('55707826854', '2025-05-22', '19:30', '2025-05-19 23:04:44'),
('58415121241', '2025-05-15', '13:30', '2025-05-19 23:04:44'),
('58415121241', '2025-05-15', '18:00', '2025-05-19 23:04:44'),
('58415121241', '2025-05-22', '12:00', '2025-05-19 23:04:44'),
('58415121241', '2025-05-22', '19:30', '2025-05-19 23:04:44'),
('63974824834', '2025-05-15', '13:30', '2025-05-19 23:04:44'),
('63974824834', '2025-05-15', '18:00', '2025-05-19 23:04:44'),
('63974824834', '2025-05-22', '12:00', '2025-05-19 23:04:44'),
('63974824834', '2025-05-22', '19:30', '2025-05-19 23:04:44'),
('64545878768', '2025-05-15', '13:30', '2025-05-19 23:04:44'),
('64545878768', '2025-05-15', '18:00', '2025-05-19 23:04:44'),
('64545878768', '2025-05-22', '12:00', '2025-05-19 23:04:44'),
('64545878768', '2025-05-22', '19:30', '2025-05-19 23:04:44'),
('65670636116', '2025-05-15', '13:30', '2025-05-19 23:04:44'),
('65670636116', '2025-05-15', '18:00', '2025-05-19 23:04:44'),
('65670636116', '2025-05-22', '12:00', '2025-05-19 23:04:44'),
('65670636116', '2025-05-22', '19:30', '2025-05-19 23:04:44'),
('69506900454', '2025-05-15', '13:30', '2025-05-19 23:04:44'),
('69506900454', '2025-05-15', '18:00', '2025-05-19 23:04:44'),
('69506900454', '2025-05-22', '12:00', '2025-05-19 23:04:44'),
('69506900454', '2025-05-22', '19:30', '2025-05-19 23:04:44'),
('69973316568', '2025-05-15', '13:30', '2025-05-19 23:04:44'),
('69973316568', '2025-05-15', '18:00', '2025-05-19 23:04:44'),
('69973316568', '2025-05-22', '12:00', '2025-05-19 23:04:44'),
('69973316568', '2025-05-22', '19:30', '2025-05-19 23:04:44'),
('71072478029', '2025-05-15', '13:30', '2025-05-19 23:04:44'),
('71072478029', '2025-05-15', '18:00', '2025-05-19 23:04:44'),
('71072478029', '2025-05-22', '12:00', '2025-05-19 23:04:44'),
('71072478029', '2025-05-22', '19:30', '2025-05-19 23:04:44'),
('77194500030', '2025-05-15', '13:30', '2025-05-19 23:04:44'),
('77194500030', '2025-05-15', '18:00', '2025-05-19 23:04:44'),
('77194500030', '2025-05-22', '12:00', '2025-05-19 23:04:44'),
('77194500030', '2025-05-22', '19:30', '2025-05-19 23:04:44'),
('77588679055', '2025-05-15', '13:30', '2025-05-19 23:04:44'),
('77588679055', '2025-05-15', '18:00', '2025-05-19 23:04:44'),
('77588679055', '2025-05-22', '12:00', '2025-05-19 23:04:44'),
('77588679055', '2025-05-22', '19:30', '2025-05-19 23:04:44'),
('81262015810', '2025-05-15', '13:30', '2025-05-19 23:04:44'),
('81262015810', '2025-05-15', '18:00', '2025-05-19 23:04:44'),
('81262015810', '2025-05-22', '12:00', '2025-05-19 23:04:44'),
('81262015810', '2025-05-22', '19:30', '2025-05-19 23:04:44'),
('83099603470', '2025-05-15', '13:30', '2025-05-19 23:04:44'),
('83099603470', '2025-05-15', '18:00', '2025-05-19 23:04:44'),
('83099603470', '2025-05-22', '12:00', '2025-05-19 23:04:44'),
('83099603470', '2025-05-22', '19:30', '2025-05-19 23:04:44');

-- --------------------------------------------------------

--
-- 資料表結構 `reminder_matches`
--

CREATE TABLE `reminder_matches` (
  `user_id` varchar(20) NOT NULL,
  `event_date` varchar(20) NOT NULL,
  `r_time` varchar(20) NOT NULL,
  `game_no` int(11) NOT NULL
) ENGINE=InnoDB DEFAULT CHARSET=utf8 COLLATE=utf8_unicode_520_ci;

--
-- 傾印資料表的資料 `reminder_matches`
--

INSERT INTO `reminder_matches` (`user_id`, `event_date`, `r_time`, `game_no`) VALUES
('10107670810', '2025-05-15', '13:30', 1),
('10107670810', '2025-05-15', '18:00', 8),
('10107670810', '2025-05-22', '12:00', 4),
('10107670810', '2025-05-22', '19:30', 6),
('25274245275', '2025-05-15', '13:30', 7),
('25274245275', '2025-05-15', '18:00', 8),
('25274245275', '2025-05-22', '12:00', 9),
('25274245275', '2025-05-22', '19:30', 5),
('34819736552', '2025-05-15', '13:30', 3),
('34819736552', '2025-05-22', '12:00', 8),
('34819736552', '2025-05-22', '19:30', 3),
('37632912109', '2025-05-15', '13:30', 2),
('37632912109', '2025-05-15', '18:00', 3),
('37632912109', '2025-05-22', '12:00', 1);

-- --------------------------------------------------------

--
-- 資料表結構 `sport_type`
--

CREATE TABLE `sport_type` (
  `type` int(11) NOT NULL,
  `sport_name` varchar(10) DEFAULT NULL
) ENGINE=InnoDB DEFAULT CHARSET=utf8 COLLATE=utf8_unicode_520_ci;

--
-- 傾印資料表的資料 `sport_type`
--

INSERT INTO `sport_type` (`type`, `sport_name`) VALUES
(1, 'NBA'),
(2, 'F1'),
(3, 'MLB'),
(4, 'CPLB'),
(5, 'BWF');

-- --------------------------------------------------------

--
-- 資料表結構 `users`
--

CREATE TABLE `users` (
  `user_id` varchar(50) NOT NULL,
  `user_name` varchar(50) DEFAULT NULL
) ENGINE=InnoDB DEFAULT CHARSET=utf8 COLLATE=utf8_unicode_520_ci;

--
-- 傾印資料表的資料 `users`
--

INSERT INTO `users` (`user_id`, `user_name`) VALUES
('10107670810', 'sierra'),
('10163509164', 'xray'),
('10510607255', 'zulu'),
('11111025945', 'whiskey'),
('11363247342', 'delta'),
('18275789144', 'india'),
('18888191062', 'bravo'),
('25274245275', 'november'),
('27426864788', 'papa'),
('27752015449', 'kilo'),
('31630889927', 'victor'),
('34819736552', 'oscar'),
('35266544642', 'hotel'),
('37632912109', 'echo'),
('38459358249', 'echo'),
('42983476204', 'whiskey'),
('42986153048', 'charlie'),
('45129380336', 'tango'),
('46289900097', 'india'),
('47920146199', 'quebec'),
('48749324565', 'tango'),
('49264587047', 'xray'),
('51308301955', 'delta'),
('53536913196', 'uniform'),
('55707826854', 'romeo'),
('58415121241', 'foxtrot'),
('62922057093', 'november'),
('63974824834', 'bravo'),
('64545878768', 'lima'),
('65670636116', 'kilo'),
('69506900454', 'hotel'),
('69650758803', 'victor'),
('69973316568', 'mike'),
('71072478029', 'charlie'),
('77194500030', 'alpha'),
('77588679055', 'juliet'),
('77994768872', 'oscar'),
('78297930768', 'lima'),
('79600016116', 'juliet'),
('81262015810', 'papa'),
('81605958229', 'mike'),
('83099603470', 'golf'),
('84929158264', 'quebec'),
('87673635574', 'foxtrot'),
('92683619575', 'yankee'),
('93784304789', 'romeo'),
('93925440584', 'uniform'),
('96171871496', 'alpha'),
('96271277925', 'golf'),
('96896713964', 'sierra');

--
-- 已傾印資料表的索引
--

--
-- 資料表索引 `admin`
--
ALTER TABLE `admin`
  ADD PRIMARY KEY (`admin_id`);

--
-- 資料表索引 `announcements`
--
ALTER TABLE `announcements`
  ADD PRIMARY KEY (`a_datetime`,`admin_id`) USING BTREE,
  ADD KEY `fk_admin_id` (`admin_id`);

--
-- 資料表索引 `baseball_players`
--
ALTER TABLE `baseball_players`
  ADD PRIMARY KEY (`player_id`);

--
-- 資料表索引 `bwf_players`
--
ALTER TABLE `bwf_players`
  ADD PRIMARY KEY (`player_id`);

--
-- 資料表索引 `f1_drivers`
--
ALTER TABLE `f1_drivers`
  ADD PRIMARY KEY (`player_id`),
  ADD KEY `f1_team_id` (`team_id`);

--
-- 資料表索引 `f1_teams`
--
ALTER TABLE `f1_teams`
  ADD PRIMARY KEY (`team_id`);

--
-- 資料表索引 `feedback`
--
ALTER TABLE `feedback`
  ADD PRIMARY KEY (`user_id`,`send_date`,`f_time`),
  ADD KEY `feedback_ibfk_2` (`admin_id`),
  ADD KEY `f_type` (`f_type`);

--
-- 資料表索引 `feedback_replies`
--
ALTER TABLE `feedback_replies`
  ADD PRIMARY KEY (`user_id`,`send_date`,`f_time`);

--
-- 資料表索引 `matches_schedule`
--
ALTER TABLE `matches_schedule`
  ADD PRIMARY KEY (`game_no`) USING BTREE,
  ADD KEY `fk_sport_type` (`type`);

--
-- 資料表索引 `match_platforms`
--
ALTER TABLE `match_platforms`
  ADD PRIMARY KEY (`game_no`,`platform_id`),
  ADD KEY `fk_platform_id` (`platform_id`);

--
-- 資料表索引 `nba_players`
--
ALTER TABLE `nba_players`
  ADD PRIMARY KEY (`player_id`),
  ADD KEY `fk_nba_team` (`team_id`);

--
-- 資料表索引 `nba_teams`
--
ALTER TABLE `nba_teams`
  ADD PRIMARY KEY (`team_id`);

--
-- 資料表索引 `platforms`
--
ALTER TABLE `platforms`
  ADD PRIMARY KEY (`platform_id`);

--
-- 資料表索引 `players`
--
ALTER TABLE `players`
  ADD PRIMARY KEY (`player_id`) USING BTREE,
  ADD KEY `fk_players_sport_type` (`sport_type`);

--
-- 資料表索引 `reminders`
--
ALTER TABLE `reminders`
  ADD PRIMARY KEY (`user_id`,`event_date`,`r_time`);

--
-- 資料表索引 `reminder_matches`
--
ALTER TABLE `reminder_matches`
  ADD PRIMARY KEY (`user_id`,`event_date`,`r_time`,`game_no`),
  ADD KEY `reminder_matches_ibfk_2` (`game_no`);

--
-- 資料表索引 `sport_type`
--
ALTER TABLE `sport_type`
  ADD PRIMARY KEY (`type`);

--
-- 資料表索引 `users`
--
ALTER TABLE `users`
  ADD PRIMARY KEY (`user_id`);

--
-- 在傾印的資料表使用自動遞增(AUTO_INCREMENT)
--

--
-- 使用資料表自動遞增(AUTO_INCREMENT) `f1_teams`
--
ALTER TABLE `f1_teams`
  MODIFY `team_id` int(11) NOT NULL AUTO_INCREMENT, AUTO_INCREMENT=11;

--
-- 已傾印資料表的限制式
--

--
-- 資料表的限制式 `announcements`
--
ALTER TABLE `announcements`
  ADD CONSTRAINT `announcements_ibfk_1` FOREIGN KEY (`admin_id`) REFERENCES `admin` (`admin_id`) ON DELETE CASCADE ON UPDATE CASCADE,
  ADD CONSTRAINT `fk_admin_id` FOREIGN KEY (`admin_id`) REFERENCES `admin` (`admin_id`) ON DELETE CASCADE ON UPDATE CASCADE;

--
-- 資料表的限制式 `baseball_players`
--
ALTER TABLE `baseball_players`
  ADD CONSTRAINT `fk_bs_playerid` FOREIGN KEY (`player_id`) REFERENCES `players` (`player_id`) ON DELETE CASCADE ON UPDATE CASCADE;

--
-- 資料表的限制式 `bwf_players`
--
ALTER TABLE `bwf_players`
  ADD CONSTRAINT `bwf_players_ibfk_1` FOREIGN KEY (`player_id`) REFERENCES `players` (`player_id`) ON DELETE CASCADE ON UPDATE CASCADE;

--
-- 資料表的限制式 `f1_drivers`
--
ALTER TABLE `f1_drivers`
  ADD CONSTRAINT `f1_drivers_ibfk_1` FOREIGN KEY (`player_id`) REFERENCES `players` (`player_id`) ON DELETE CASCADE ON UPDATE CASCADE,
  ADD CONSTRAINT `f1_team_id` FOREIGN KEY (`team_id`) REFERENCES `f1_teams` (`team_id`) ON DELETE CASCADE ON UPDATE CASCADE;

--
-- 資料表的限制式 `feedback`
--
ALTER TABLE `feedback`
  ADD CONSTRAINT `feedback_ibfk_1` FOREIGN KEY (`user_id`) REFERENCES `users` (`user_id`) ON DELETE CASCADE ON UPDATE CASCADE,
  ADD CONSTRAINT `feedback_ibfk_2` FOREIGN KEY (`admin_id`) REFERENCES `admin` (`admin_id`) ON DELETE CASCADE ON UPDATE CASCADE,
  ADD CONSTRAINT `feedback_ibfk_3` FOREIGN KEY (`f_type`) REFERENCES `sport_type` (`type`) ON DELETE CASCADE ON UPDATE CASCADE;

--
-- 資料表的限制式 `feedback_replies`
--
ALTER TABLE `feedback_replies`
  ADD CONSTRAINT `feedback_replies_ibfk_1` FOREIGN KEY (`user_id`,`send_date`,`f_time`) REFERENCES `feedback` (`user_id`, `send_date`, `f_time`) ON DELETE CASCADE ON UPDATE CASCADE;

--
-- 資料表的限制式 `matches_schedule`
--
ALTER TABLE `matches_schedule`
  ADD CONSTRAINT `fk_sport_type` FOREIGN KEY (`type`) REFERENCES `sport_type` (`type`) ON DELETE CASCADE ON UPDATE CASCADE;

--
-- 資料表的限制式 `match_platforms`
--
ALTER TABLE `match_platforms`
  ADD CONSTRAINT `fk_m_s_game_no` FOREIGN KEY (`game_no`) REFERENCES `matches_schedule` (`game_no`) ON DELETE CASCADE ON UPDATE CASCADE,
  ADD CONSTRAINT `fk_platform_id` FOREIGN KEY (`platform_id`) REFERENCES `platforms` (`platform_id`) ON DELETE CASCADE ON UPDATE CASCADE;

--
-- 資料表的限制式 `nba_players`
--
ALTER TABLE `nba_players`
  ADD CONSTRAINT `fk_nba_playerid` FOREIGN KEY (`player_id`) REFERENCES `players` (`player_id`) ON DELETE CASCADE ON UPDATE CASCADE,
  ADD CONSTRAINT `fk_nba_team` FOREIGN KEY (`team_id`) REFERENCES `nba_teams` (`team_id`) ON DELETE CASCADE ON UPDATE CASCADE;

--
-- 資料表的限制式 `players`
--
ALTER TABLE `players`
  ADD CONSTRAINT `fk_players_sport_type` FOREIGN KEY (`sport_type`) REFERENCES `sport_type` (`type`) ON DELETE CASCADE ON UPDATE CASCADE;

--
-- 資料表的限制式 `reminders`
--
ALTER TABLE `reminders`
  ADD CONSTRAINT `reminders_ibfk_1` FOREIGN KEY (`user_id`) REFERENCES `users` (`user_id`) ON DELETE CASCADE ON UPDATE CASCADE;

--
-- 資料表的限制式 `reminder_matches`
--
ALTER TABLE `reminder_matches`
  ADD CONSTRAINT `reminder_matches_ibfk_1` FOREIGN KEY (`user_id`,`event_date`,`r_time`) REFERENCES `reminders` (`user_id`, `event_date`, `r_time`) ON DELETE CASCADE ON UPDATE CASCADE,
  ADD CONSTRAINT `reminder_matches_ibfk_2` FOREIGN KEY (`game_no`) REFERENCES `matches_schedule` (`game_no`) ON DELETE CASCADE ON UPDATE CASCADE;
COMMIT;

/*!40101 SET CHARACTER_SET_CLIENT=@OLD_CHARACTER_SET_CLIENT */;
/*!40101 SET CHARACTER_SET_RESULTS=@OLD_CHARACTER_SET_RESULTS */;
/*!40101 SET COLLATION_CONNECTION=@OLD_COLLATION_CONNECTION */;
